arg-id,comment-id,argument
A1509739285385457673_0,1509739285385457673,@GlenMathanのボットの自動コメントは差別化できて良いと思う。
A1509833088574328837_0,1509833088574328837,白いもふもふ https://t.co/eqpOYMsyVw
A1509854411614732292_0,1509854411614732292,https://t.co/0CmfqmccoI
A1509885384511025152_0,1509885384511025152,@WasephVoxx 顔をたくさん舐められたよ。
A1509885582175989767_0,1509885582175989767,@SquishyWishyBoo ふわふわ〜
A1377908114955989002_0,1377908114955989002,また毛の話してる…(´・ω・`)
A1377909615040471043_0,1377909615040471043,人生には前沢牛を食べる機会もある。
A1377910991703343108_0,1377910991703343108,スーパー発達週間だ。発達していくぞ！
A1377910991703343108_1,1377910991703343108,「発達障害」関連書籍を無料公開｜翔泳社の本 https://t.co/gfFNXMkdMK
A1377918525088522245_0,1377918525088522245,ヒトの進化に関する証拠が内陸部で見つかったことを示す記事: 'ヒトの進化：初期人類の行動を示す証拠が内陸部で見つかった | Nature | Nature Portfolio' https://t.co/3krFuEGc1w
A1377928352799940614_0,1377928352799940614,私は『Let me make an excuse』を出版しました。https://t.co/WnSYz0zxdB
A1377938839155601416_0,1377938839155601416,津軽弁での『Among Us』があったら絶対に見たい。
A583785818835124225_0,583785818835124225,広島と岡山の境界にある福山市は、普段は両県民の立ち入りが制限されているが、毎年五月の「福山ばら祭」の際には特別に一般開放される。この祭りのときだけ、両県民は争いを止め協調することができる。
A583786492692037633_0,583786492692037633,「ぎょう虫検査」の義務づけが2016年4月で廃止されたことに対し、ネット上で惜しむ声が上がっている。 #ldnews http://t.co/RYsDlGfOLH
A583788507954454528_0,583788507954454528,@kitaindia ありがとうございます！phaさんの文体に憧れています！
A1245871605349154818_0,1245871605349154818,タイバニ2期が楽しみです！
A583789851989774337_0,583789851989774337,髪が伸びすぎているので、そろそろ切ろうかな。
A1245879694374797312_0,1245879694374797312,Amazon欲しいものリストで購入していただいたハチミツが届きました。ご支援ありがとうございます。ツキノワグマの探索行動を増やし、退屈な時間を減らすために活用させていただきます。
A1245886196888137728_0,1245886196888137728,アカモジホコリの変形体の動きを観察。変形体の一部でも到達していれば、広範囲の移動も楽にできます。左にいたかと思うとすぐ右に。ワープするようにも見えます。すごい能力です。どこでもドアっぽい。
A1245890029789962240_0,1245890029789962240,日本の学校は論理的思考や科学的思考を十分に教えていない。
A1245890029789962240_1,1245890029789962240,文科省の要領に合致することだけを教えており、クリティカルシンキングが欠けている。
A583807783419514880_0,583807783419514880,マスクを付け忘れてオフィスまで来たが、花粉が少なかったのでよかった。
A1245891345438380033_0,1245891345438380033,国民にCivを配布すれば、自発的ロックダウンが発生しそうだ。
A1245898153607319553_0,1245898153607319553,RT @miyahancom: その一方でまだ SSL 3.0 をサポートしている旧弊社の懐の深さよ。ところでプードルは好きかい？
A1245898153607319553_1,1245898153607319553,「Microsoft Edge 82」も公開中止 ～TLS 1.0/1.1のデフォルト無効化は7月の「Edge 84」に - 窓の杜 https…
A1245906862584639488_0,1245906862584639488,なぜ忍者を走らせない。
A1245906862584639488_1,1245906862584639488,電車の窓が「透明液晶」に。北京地下鉄で運行開始 - Engadget 日本版 https://t.co/crWKsYedca
A583830419788865536_0,583830419788865536,恵比寿でランチを食べている。100円にも満たないパスタだが、だからウソではない。
A1245922519393034242_0,1245922519393034242,自分のために子どもに呪いをかけ続けてきた人だけが出せる凄みがある言葉。
A1245922519393034242_1,1245922519393034242,ひきこもり親子、関係悪化に一定のパターン。禁句は「あなたのため」。
A1245930678660677633_0,1245930678660677633,「バグでないものにバグという言葉を使うのをやめてください」と伝えたところ、「一般人は意味がわからないことを『バグ』と言うんです」と言われました。
A1245930678660677633_1,1245930678660677633,『バグ』という言葉をカジュアルに使うとエンジニアのモチベーションが下がって辞めるので使わないでください。
A1245931434004496387_0,1245931434004496387,一般人が「バグ」という言葉を使うのはよくあることだ。
A1245931434004496387_1,1245931434004496387,エンジニアとコミュニケーションする立場の人が「一般人」と言えるかどうかは疑問である。
A1245935930646487040_0,1245935930646487040,患者が「風邪です」と言って看護師が問診せずに医者にそのまま伝えるのは問題である。
A1245935930646487040_1,1245935930646487040,エンジニアの感情だけでなく、重大なエラーの原因となるため、素人からヒアリングする人は正確に現象を記述して伝えるべきである。
A1245937983779254273_0,1245937983779254273,はてなのスタースパムが進化し、スパムURLが一切ないものが現れている。
A1245945253313384451_0,1245945253313384451,PTSDの3つの主症状が全て当てはまってしまい、怖い。
A1245966599036649473_0,1245966599036649473,アザラシの赤ちゃんがすくすく育つのを見ることが、私の唯一の楽しみです。
A583898072800854019_0,583898072800854019,若い頃の福沢諭吉が非常にイケメンで驚いた。
A1245986674330308608_0,1245986674330308608,免疫総論が『はたらく細胞』のおかげで理解しやすくなったのはすごい。
A1245987133350797313_0,1245987133350797313,顆粒球を構成している好中球、好酸球、好塩基球を知っていると「ああ、あいつか…」となるのは、よく考えるとすごい体験である。
A1245998829695950850_0,1245998829695950850,泣かないでマイメロ…😭
A1246000432154955777_0,1246000432154955777,免疫グロブリンの可変部は遺伝子再構成によって形成される。生物の仕組みは驚異的だ。
A1246007802415497216_0,1246007802415497216,マリーランドの白い悪魔、とうとう駆除される。
A583928631547703296_0,583928631547703296,山手線が混みすぎている。
A583929716173701120_0,583929716173701120,神田で荷物をおろせるだろうか。
A583937252788740097_0,583937252788740097,秋が来ています！人が多いです！
A1246023843543568384_0,1246023843543568384,ビリビリに裂けた股引を見せることで減収の証明になりますか？
A1246026654121472001_0,1246026654121472001,@Ni_nja 今月は2回遅刻したので、その分収入が減っているはずです。
A583945618286063616_0,583945618286063616,プレイ時間が3時間もかかるボードゲームが始まろうとしている。
A1246029305542373378_0,1246029305542373378,免疫系の話を聞くと、生き物がそんなこともできるのかと驚いてしまう。
A1246029479903817728_0,1246029479903817728,利根川進は本当にすごい。
A1246033842823032834_0,1246033842823032834,本当に困窮しているなら、恥を捨てて全裸で土下座できるはずという理屈で、役所で全裸土下座の列が作られるのを見たい。
A583952816865157120_0,583952816865157120,関西人が焼くお好み焼きです。
A1246036524233158656_0,1246036524233158656,古紙に印刷された「ふたなり」という単語の風情
A583961137428865024_0,583961137428865024,@deeeki でーきさんのベッドを荒らして帰ります(^ ^)
A1246057738670452742_0,1246057738670452742,fight or flight https://t.co/1KFHiwmjGw
A1246068342089113605_0,1246068342089113605,お前が暗いよｗｗｗ
A1246069217398382599_0,1246069217398382599,@mosayagi1 ごめんなさい。
A1246070712961347585_0,1246070712961347585,マイメロ、これは美味しんぼなら血祭りになってたな。
A583997196091039744_0,583997196091039744,ゆる飲みが全然ゆるくなく、ギークが集まっていた。
A584051492530688000_0,584051492530688000,不適切なコメントが含まれています。
A584142761445629956_0,584142761445629956,家人が主催する英語塾では、超初級から大学院進学準備までのコースを提供しています。英語のやり直し、海外就職、外資転職、留学希望の方におすすめです。
A1113994244639694853_0,1113994244639694853,ラブライブは遊びじゃない！！！
A1113996537174970368_0,1113996537174970368,研究者によると、人にかまってもらいたいときだけ反応するという。知ってた…😭
A1114025686270976005_0,1114025686270976005,『かぐや様は告らせたい〜天才たちの恋愛頭脳戦〜』第7話を見ました。
A1114032577827024896_0,1114032577827024896,『かぐや様は告らせたい〜天才たちの恋愛頭脳戦〜』第08話を見ました。
A1114038567809048576_0,1114038567809048576,バッテリーを外す際にドライヤーを使うのはさすが四宮財閥。
A1114038567809048576_1,1114038567809048576,かぐや様は告らせたい〜天才たちの恋愛頭脳戦〜 第09話を見ました。
A1114043021601853440_0,1114043021601853440,ラブライブ乗っ取りの犯人は、前科のあることほのうみの生徒会ではないか。
A1114078431526809600_0,1114078431526809600,RT @gggpengggg: 差分もあげとくね。 https://t.co/3fPlNPWjCO
A1776192983505010953_0,1776192983505010953,@sooomastream ナイス判断👍
A1114123666034311168_0,1114123666034311168,https://t.co/fMDDpGivzg
A1114126111196078081_0,1114126111196078081,https://t.co/KUbIIWFfAa
A1776224617419657528_0,1776224617419657528,モダンケン練習: https://t.co/GofajHSs7P
A1776225467483435330_0,1776225467483435330,暖かくなってきた。
A1114156073500401664_0,1114156073500401664,藤原書記…っ！！！
A1114156569674039298_0,1114156569674039298,仲良し警察の者だ👮‍♂️
A1114156569674039298_1,1114156569674039298,かぐや様は告らせたい〜天才たちの恋愛頭脳戦〜 第10話 を見ました https://t.co/Xk7KdTbm09 #かぐや様
A1114161947140870144_0,1114161947140870144,早坂さん…素敵だ…😭
A1114161947140870144_1,1114161947140870144,かぐや様は告らせたい〜天才たちの恋愛頭脳戦〜 第11話 を見ました https://t.co/ApnFvyy1CN #かぐや様
A1114165570717356032_0,1114165570717356032,令和元年年末スペシャルマッチ❗キュルルちゃん(けものフレンズ) vs 冬木くん(みなみけ)🥊
A1114180386148503552_0,1114180386148503552,かぐや様は告らせたい〜天才たちの恋愛頭脳戦〜 第12話を見ました。
A1114180421158408192_0,1114180421158408192,アニメ『かぐや様は告らせたい〜天才たちの恋愛頭脳戦〜』の視聴ステータスを『見た』にしました。
A1776263273698197696_0,1776263273698197696,ラシードの技が画面に風が残っているときに強化されることは、あまり知られていない。
A1114184789152559104_0,1114184789152559104,RT @CHINZURI: #平成最後に自分の代表作を貼る
A1114184789152559104_1,1114184789152559104,①これを持ち込みしてデビューしました☆
A1114184789152559104_2,1114184789152559104,②2012年発売の初単行本！
A1114184789152559104_3,1114184789152559104,③当時掲示板等で度々話題になっていたようです
A1114184789152559104_4,1114184789152559104,④自分の中で最近のお気に入り♡ https://t.co/QG40j1kY6T
A1114186219552776192_0,1114186219552776192,RT @Swaps4: 初音ミクがこんなに怖いとは知らなかった... https://t.co/WTxnWwoTtT
A1114189312227024896_0,1114189312227024896,PowerBeats Proは良さそうだ。
A1114200104469061632_0,1114200104469061632,ナデ様の指輪について、真っ先に鈴木を騙して犠牲にしない塚地の人徳が際立っている。
A982046073098326016_0,982046073098326016,今日も1日 https://t.co/BPhDfsMXiz
A982047932277862400_0,982047932277862400,YouTubeは言語学習者にとって有用である。
A982047932277862400_1,982047932277862400,“CaptionPop” https://t.co/oMT0fSwQnu
A982050220216233984_0,982050220216233984,ニートの定義が厳密すぎて多くの場合に名前解決ができない問題がある。
A982050220216233984_1,982050220216233984,この問題に対処するために、ニートオルタという拡張概念を導入したい。
A982059898656636928_0,982059898656636928,リモートワークのオシャレ感を感じさせないmtane0412さんのビジュアル。
A982059898656636928_1,982059898656636928,“会社をリモートワーク主体に変えていきます - WebサイトやCMSの静的化を御支援するfeedtailor社長ブログ” https://t.co/kXPm7hD1cg
A982079408830844928_0,982079408830844928,PS3でスパコンを組んでいた時代があった。
A982096531191926784_0,982096531191926784,平昌の時と同じ地図素材だ。
A982096531191926784_1,982096531191926784,これは意図的に削られたのではなく、元々の素材に入れ忘れていたのだろう。
A982096531191926784_2,982096531191926784,誰も日本に興味がないため、気がつかなかったのだと思う。
A982113051619946498_0,982113051619946498,ラズパイに電源を入れた。SDカードからWiFi設定ができるのは便利だ。
A982116194441314304_0,982116194441314304,後進国の辛さ
A982116194441314304_1,982116194441314304,海賊版サイト：遮断要請へ　政府、著作保護に「緊急避難」 - 毎日新聞 https://t.co/QUbQiNlHW1
A982192528173613057_0,982192528173613057,僕が会社で怒鳴られて泣きながら生きていた時、Web PKIではめまぐるしい攻防が行われていた。
A982197228621086721_0,982197228621086721,ビッグバンに感謝🙏 #東雲めぐ
A982197228621086721_1,982197228621086721,https://t.co/xJezcOsDXz
A982198441265676289_0,982198441265676289,前世でどれだけの徳を積んだら自分の妹が東雲めぐになるんだろうか。
A982200359689990148_0,982200359689990148,ごっつ盛りのうまさを思い出してしまった。
A982221620394606592_0,982221620394606592,知りたいことの答えが載っていそうだが、価格が高い。大学生が無料で論文を閲覧する方法はないだろうか。
A982387916939939842_0,982387916939939842,私のMacが壊れた。 https://t.co/sinUo1OabG
A982394175248314369_0,982394175248314369,外付けディスプレイを使っている分には問題ないので、修理に出すかどうか悩んでいる。
A850136127730311168_0,850136127730311168,ESOでGoogle日本語入力を使うと入力がうまくいかないので、標準IMを使うことにした。
A850136127730311168_1,850136127730311168,DMM GAMESにレポートしても問題が解決しそうにない。
A850139440357834752_0,850139440357834752,愛媛県の若者が遊びに行く場所についての話題。
A850148585341636608_0,850148585341636608,歌舞伎部の主人公、ホノカチャンの感！
A850151061960749056_0,850151061960749056,クロックワークプラネット
A850151061960749056_1,850151061960749056,これがニーアオートマタ…
A850155136945197057_0,850155136945197057,オートマタ技術の進化を感じることができる。
A850156412164616192_0,850156412164616192,月がきれい、川越が舞台なのか？
A850157920088150017_0,850157920088150017,家族でガストに行くのはちょっときついな…。
A850161698749243392_0,850161698749243392,地上波にこんな綺麗なものを流すな！
A850186442852716545_0,850186442852716545,ESOの序盤のオススメの金策が空き巣というのはモラルに反する。
A850219143160659968_0,850219143160659968,インスタントメッセンジャーをメールと呼ぶのは許されない。
A850226063099666437_0,850226063099666437,暑い…
A850230660136452096_0,850230660136452096,IFTTTの読み方は「イフト」で決着していたのか。
A1644289457301131264_0,1644289457301131264,くたびれたおっさんなのにクラムチャウダーにハマってしまった。
A1644290256181825537_0,1644290256181825537,ファビラチコはチーターとほぼ同じタイムで、本当にすごい。
A1644290788703219713_0,1644290788703219713,@yumemakura00 絶対減塩味噌汁を食べてろって思われてるよ！
A850302737837412352_0,850302737837412352,炭水化物を抜くと宣言すると、実際に抜いたことがない人からの適当な情報が集まってくるのが面白い。
A850309443388452865_0,850309443388452865,支援を受けられぬまま亡くなった発達障害者についての述懐 - decinormal (293 users) https://t.co/LS4dSAnZmz
A850320711650496512_0,850320711650496512,アリスと蔵六を録画予約しました。[TOKYO MX1 4/9(日) 22:30]
A850323871597285377_0,850323871597285377,することがないので寝ることにする。
A1644352261819367425_0,1644352261819367425,Map3DJの最後の試練がスムーズにいけば1分前半でクリアできるが、難しい。
A1644352261819367425_1,1644352261819367425,とりあえずSuperkuを超えた。
A850477421077733376_0,850477421077733376,やめるのだフェネック！の後に普通に自分の言葉で説明してるのが面白い。
A850477421077733376_1,850477421077733376,#やめるのだフェネックで学ぶ防災シリーズ - Togetterまとめ (7 users) https://t.co/hfnzcpBPJS
A850497627452051456_0,850497627452051456,開口一番で大きな猫が暴れていて笑った。 #渡辺篤史の建もの暖房
A1512220737633136640_0,1512220737633136640,メルカリに商品を出すのを手伝っていたら、いつの間にか山に入って椿を狩っていた。
A1512270047112482818_0,1512270047112482818,@fit_Ohtsuki シャンプーいいですね！タネ集めないと…
A1512445655033122818_0,1512445655033122818,事変レウスソロやっと倒した！動きを把握していても、ワンミスで死ぬから怖い。
A1380434430628536321_0,1380434430628536321,マイメロディとチャットでお話できるよ♪ #マイメロディ #マイメロ #マイメロセラピー #トークチャット https://t.co/frzcq3FdLa
A1380666864674631681_0,1380666864674631681,久々に配信できる！
A1248413402218692610_0,1248413402218692610,牧瀬ボリスが救われたということは…まゆりィィィ……！！😭
A1248423917628223492_0,1248423917628223492,新作情報も！「ねんどろいどどーる 初音ミク」4月9日（木）ご予約開始♪ | フィギュアメーカー・グッドスマイルカンパニー勤務　『カホタンブログ』
A586341297746616320_0,586341297746616320,Xeoryのクローズアップ記事でカテゴリーイメージが表示されないのは仕様かバグか分からなかったので、お問い合わせしました。お忙しいところすみません。
A586341389249617920_0,586341389249617920,コードが読めれば、AI技術の理解が深まる。
A1248425518300409856_0,1248425518300409856,家にずっといると気が滅入るという人もいるが、閉じこもり続けると心が壊れて家の中にしかいられなくなることがある。
A1248428335346016259_0,1248428335346016259,安定のロシア https://t.co/nvnoleoUN5
A1248442937605648384_0,1248442937605648384,危機の心理学を学ぶのは楽しかった。危機的状況における心理学的知見を集めたが、今後さらに整理され体系化される分野だと思う。
A1248443293240717317_0,1248443293240717317,リスクコミュニケーションについて学ぶことが重要である。
A1248443293240717317_1,1248443293240717317,勉強しない人々に対する感情的な反発があるため、リスクコミュニケーションは難しいと感じる。
A1248445162964930560_0,1248445162964930560,絶対に分かり合えない人の行動をどうコントロールするかという視点で見てしまう。
A1248445565832056833_0,1248445565832056833,公教育を通じて一人一人の意識を高めることは可能だが、大人になってから勉強を避ける人々へのアプローチが課題である。
A1248457302782275590_0,1248457302782275590,クロミに投票しました。みんなも投票しよう！
A1248457621956222983_0,1248457621956222983,みんなの投票でマイメロを倒そう！
A1248464946276356097_0,1248464946276356097,Kyashカードが郵送中です。
A1248470391674114053_0,1248470391674114053,RT @Melody_Mariland: きょうからキャラクター大賞の投票が始まったよ♪ みんな応援してね♪ #キャラクター大賞 https://t.co/yOgmiknkrS https://t.co/xhwBbgFRyZ
A1248470408564629504_0,1248470408564629504,マイメロのやつに関するコメント。
A1248477649590091784_0,1248477649590091784,ネアンデルタール人の繊維技術に関する直接的な証拠とその認知的および行動的な意味についての研究が発表された。 / “Direct evidence of Neanderthal fibre technology and its cognitive and behavioral implications | Scientific Reports” https://t.co/z2ANDois1p
A1248479758112808963_0,1248479758112808963,社会的地位の高いニホンザルは、温泉に入る優先権を持つ。ニホンザルにとって冬の温泉は上位の個体が支配する資源のひとつである。
A1248488226274168836_0,1248488226274168836,“HDMI入力をRaspberry Piで駆使する - 犬アイコンのみっきー” https://t.co/4JZgpkZND7
A1248493312421449731_0,1248493312421449731,僕の体調も自然の一部だ。
A586421157001216000_0,586421157001216000,チリチリおばけ現る https://t.co/DENuuoUqk7
A1248510293027606530_0,1248510293027606530,今日は真菌感染症について読んでいるが、身に覚えがありすぎる。
A1248512298836054022_0,1248512298836054022,面白そう。
A1248512298836054022_1,1248512298836054022,“自宅待機で暇ならやってほしい珠玉のエロゲー” https://t.co/YBwDuVitby
A1248515257896591360_0,1248515257896591360,真菌感染を防ぐためには毎日風呂に入ることが重要である。
A1248515257896591360_1,1248515257896591360,一流のハッカーになるためには、時間管理が重要である。
A1248523659045552129_0,1248523659045552129,真菌感染症はヒトと真菌の真核生物同士の戦いなので、開発できる薬が限られている。
A1248525231368495104_0,1248525231368495104,変異の速いウイルスは怖いが、細菌や真菌も免疫を回避する防御機構が巧妙である。
A1248525231368495104_1,1248525231368495104,ウイルス、細菌、真菌がそれぞれ免疫を回避するために進化していることに驚かされる。
A1248530895239143424_0,1248530895239143424,ポッドキャストアワードで宇垣美里さんと竹中直純さんのコメントと舛田淳さんの総評をいただけたので非常に嬉しいです。これからも論文紹介と趣味の話を続けていきます。
A1248532201227956224_0,1248532201227956224,サイヤ人にとって、女性の月経周期と満月のブルーツ波が雄間闘争と繁殖戦略に大きな意味を持つと考えがちだが、女性も大猿化する。
A1248532577998082050_0,1248532577998082050,ツフル人の科学力によって、大猿化のジェンダーギャップが解消され、戦闘要員を増やすことができたという解釈も可能である。
A1248534871166730240_0,1248534871166730240,ヒカキンを天皇に望む声が大きい。
A1248535910158749696_0,1248535910158749696,洪水、地震、感染症が発生するたびに「やったか！？」という気持ちになる。
A1248539387186446336_0,1248539387186446336,高齢出産の自閉症リスクは、加齢した卵子を使うことがリスク因子である。
A1248539387186446336_1,1248539387186446336,精子は生産し続けるが、精子のエピジェネティックな修飾がリスク因子である。
A1248539644884422657_0,1248539644884422657,@mosayagi1 https://t.co/QYUgYbBJOz
A1248540324332318725_0,1248540324332318725,中国新聞が島根と鳥取を間違えたが、山陽と山陰にはそもそも一体感がない。
A586460681848795137_0,586460681848795137,5月2日は新潟に行こう。
A586461683251486720_0,586461683251486720,不適切なコメントが含まれているため、削除されました。
A586464427290992640_0,586464427290992640,明日梅田に着いたら、まず銭湯に行く。
A586466020350562304_0,586466020350562304,最悪の場合、二日目は大阪のコワーキングスペースで仕事するのも良いかもしれない。
A1248573533959012352_0,1248573533959012352,80年代の本では、同性愛が性倒錯のカテゴリーで議論されていることに時代を感じる。
A586512877516754944_0,586512877516754944,夜行バスに初めて乗る。
A586516050990084096_0,586516050990084096,AIはエネルギー・グリッドを最適化し、無駄と二酸化炭素排出を削減するのに役立つ。
A586521767067303940_0,586521767067303940,IIJMIOのミニマムスタートプランを使っているが、容量が増えても使い切れないことが多い。
A586521767067303940_1,586521767067303940,最近は消費量が増えて2GBの容量に対して1.2GBくらい使うようになったが、4/1から3GB使えるようになった。
A586521962626727941_0,586521962626727941,ずっとオフにしているので、月の使用量がわからない。
A586521962626727941_1,586521962626727941,ちょっとオンにしてみよう。
A1248605576096968704_0,1248605576096968704,岩手県の優勝を祝うための特別なイベントが必要である。
A1248607910076108800_0,1248607910076108800,ふたりとも本当におめでとう！今年も素敵な高校生活になりますように。 #保登心愛誕生祭2020 #富樫源次生誕祭2020
A586527086958903297_0,586527086958903297,まだ乗車するんですね…。
A1248621919844233221_0,1248621919844233221,SIGMA fpの匂いにつられて素敵なScrapboxを見つけた。 https://t.co/tLGV0lxdrl
A1248623272897286147_0,1248623272897286147,Sigma fpは動画AFの遅さがあっても欲しくなるほど魅力的である。
A586656859068608512_0,586656859068608512,24時間営業のスーパー銭湯に行こうとしたが、夜の街で早朝の客引きに捕まり続けて諦めた。
A586659537425281025_0,586659537425281025,エスカレーターは右側に立つべきだ。
A586670655933788161_0,586670655933788161,狛犬…ねこ？ https://t.co/pT2qJPEE1n
A586677838230589440_0,586677838230589440,スタバで初めてドヤリングをした。
A586678951059202048_0,586678951059202048,客引きを避けるのに疲れたので、午後までここで休むつもりです。
A1116529881334964224_0,1116529881334964224,RT @itukayomu: https://t.co/vuWkGDZJU6
A1778622120765100108_0,1778622120765100108,結石クラスタに朗報: https://t.co/VwGC8RoTPn
A1116540292952252417_0,1116540292952252417,多産が判明した時点で中絶は可能なのか？ / https://t.co/HHNkDDZ9PT
A1116542923741392896_0,1116542923741392896,みもりん、よかった…😭
A1116543665550159875_0,1116543665550159875,みもりんがオカダ姓になるなら、これからはオカリンと呼ばれるね。
A1116544277822132227_0,1116544277822132227,異能の力で全てのバイアスを消去した結果、自己肯定バイアスを失った人類は全員重度の鬱になり、経験則からの危険予期ができなくなって絶滅する未来が見える。
A1116569891803287556_0,1116569891803287556,冴えない彼女の育てかた #6 を見ました。 https://t.co/TFT1p9QCI0 #saekano
A1116581547203710977_0,1116581547203710977,新社会人になった3号くん。
A1116581819833405445_0,1116581819833405445,専門性の高い仕事
A1778694199401193572_0,1778694199401193572,@yumemakura00 https://t.co/X9FR5vfETB
A1778730229772718253_0,1778730229772718253,素敵な誕生日イラストをありがとうございます！ルーブルで見るのが楽しみです。
A1778732927020642525_0,1778732927020642525,クロイロコウガイビルが風呂場にいた！
A1778732927020642525_1,1778732927020642525,写真を上げようとしたが、虫が苦手な人もいるのでやめた。
A1116670385557315591_0,1116670385557315591,澤村スペンサー英梨々は絶対渡さない！(31歳・無職)
A1116670385557315591_1,1116670385557315591,冴えない彼女の育てかた #7 を見ました https://t.co/6G2mDFvfiu #saekano
A1116691951678558213_0,1116691951678558213,澤村スペンサー英梨々ちゃん……😭
A1116691951678558213_1,1116691951678558213,冴えない彼女の育てかた #8 を見ました https://t.co/hEeQKuuS5V #saekano
A1116714550890512384_0,1116714550890512384,スペンサー！！😭
A1116714550890512384_1,1116714550890512384,冴えない彼女の育てかた #9 を見ました https://t.co/NM40VXyIw9 #saekano
A1116720702743293952_0,1116720702743293952,倫也が憎い…神に選ばれたとしか思えない。
A1116720702743293952_1,1116720702743293952,冴えない彼女の育てかた #10 を見ました。
A1778885294751985827_0,1778885294751985827,この街は何も変わらないな。
A1778894926564184475_0,1778894926564184475,SUICAへの移行を忘れていたので、急いでPASMOを入れた。🥲
A1778906385796964616_0,1778906385796964616,会場を下見した。 https://t.co/kdFhdV7paH
A1778909481897976041_0,1778909481897976041,東京では、特に意識しなくても簡単に移動できる。
A984582994965884928_0,984582994965884928,Google Online Security Blog: Protecting users with TLS by default in Android P https://t.co/Qkd5jaNHAp
A984597324801323008_0,984597324801323008,買い物に行っている間にノートPCとPS4が盗まれました。
A984600496991285250_0,984600496991285250,久々に調べたけど、いい感じのMarkdownエディタが出ていた。
A984626728805974017_0,984626728805974017,SSLからTLSにプロトコル名が変わった背景についての記事: “Tim Dierks: Security Standards and Name Changes in the Browser Wars” https://t.co/vjDlmutKN7
A984652192534745088_0,984652192534745088,wp-cliは記事管理もできるのか？
A984721714679513088_0,984721714679513088,非効率なものが目に入ると、注意資源が奪われる。
A984728739480244225_0,984728739480244225,早くこれになりたい。
A984730139215843329_0,984730139215843329,出版社が検閲を先導しているのはすごいことだ。
A984730139215843329_1,984730139215843329,“[PDF]海賊版サイトについての緊急声明： 講談社” https://t.co/dw9XI5JfY7
A984731383787438081_0,984731383787438081,RT @keiichisennsei: 今日はじめて知った単語「ところてんセックス」。腐女子界隈の方、これってBL界では常識なのでしょうか？
A984746285789077505_0,984746285789077505,英語は効率よく学習できるWebアプリがあるけど、数学には同様のものがあるのか？学習管理にあまり認知を割きたくない。
A984759187598028802_0,984759187598028802,【ねんどろいど シャロ】 #gochiusa #ごちうさ #goodsmile #喫茶店の日 制作進行中です☕️ https://t.co/f5ie5VbriV
A984763482108121089_0,984763482108121089,はてブの闇を可視化してみた - さかブロ: https://t.co/XCSucs7FzI
A984785544075980800_0,984785544075980800,ヨーグルトを仕込んだ。
A984786341186719750_0,984786341186719750,おいしい牛乳がキャップ付きの牛乳パックを販売している。R1のドリンクタイプと同じサイズなので、ヨーグルト作りが楽になる可能性がある。
A984786341186719750_1,984786341186719750,キャップから混ぜられるようにマドラーがあればさらに便利である。
A984796184115019776_0,984796184115019776,書いた https://t.co/s6n8pOEjH9
A984914412388737025_0,984914412388737025,キズナアイBS、2回目ですでに体力切れ感がある。
A852678532824281088_0,852678532824281088,今日はゴミ回収がいつもより早く終わってしまい、ゴミを捨てられなかった。
A852707106847416320_0,852707106847416320,トンボは黒の奴隷かなにかかな？
A852708283353845760_0,852708283353845760,歌舞伎にはイヤホンガイドがあるのか。
A852709864820363264_0,852709864820363264,カブキブのくろは、周囲の有能な人を利用することに全く躊躇しない覇王の風格がある。
A852712687721172992_0,852712687721172992,月がきれいですね。
A852712687721172992_1,852712687721172992,これはNTRものですか？
A852714268738949121_0,852714268738949121,借り物競争で好きな人を選ぶのは過激すぎる。
A852716156641316865_0,852716156641316865,エロマンガ先生と月がきれいは雰囲気が異なるが、主人公が小説を書く点とスケベな点で共通している。
A852734560848625664_0,852734560848625664,テレビ周りの電源も整理中。
A852745842381381633_0,852745842381381633,Vita TVが届き、元住吉に少しずつ近づいている。
A852770656017973249_0,852770656017973249,Vita TVは大型テレビだとアプリ画面の粗さが目立つが、録画はいつも3倍モードなので影響はない。
A852770879108857856_0,852770879108857856,DRモードで録画したことがないけど、画質はとても綺麗なのかな？
A852772593278910465_0,852772593278910465,ESOで枠が足りなくて辛いので、1ヶ月だけ月額課金した。
A1646766404748840960_0,1646766404748840960,昨日は9時に寝たのに全然体力が回復できていない。
A852826416483680256_0,852826416483680256,毎年、花粉症ではないかと思ってノーマスクで過ごし、くしゃみが止まらなくなる。今年も同じことをしてしまった。
A1646819086180188160_0,1646819086180188160,肉キメてるぞ！！！ https://t.co/VAiAfGpN4z
A1646853498217328642_0,1646853498217328642,大量のマグロが水揚げされたので、明日が楽しみだ。
A852873081374769152_0,852873081374769152,ありがとうございます！
A1646878674812129282_0,1646878674812129282,all bullyも佳境に入ってきた。
A1646882483563290624_0,1646882483563290624,Stream Stickersの挙動が本当に邪悪なので嫌い。
A1514878526373400584_0,1514878526373400584,@tonamigames でんでん好き！
A1514900735435042816_0,1514900735435042816,この感じ・・・風邪かもしれない。
A1514903911286538242_0,1514903911286538242,@GlenMathan 会ってることバレちゃう😊
A1514925455337426945_0,1514925455337426945,ありがとう～ @ApacheXIV https://t.co/EBPdStFiz1
A1514925491559358468_0,1514925491559358468,@ReiRaiReiRai トゥンク・・・
A1514933080519192576_0,1514933080519192576,よしおっくす杯用モンスター 現在 1568/2022
A1514958413205106689_0,1514958413205106689,微熱
A1514980307799261186_0,1514980307799261186,よしお杯のモンスターを作った！
A1514985755667435520_0,1514985755667435520,@GlenMathan 雨に濡れたからだと思うけど、気をつけるね。
A1514985793835909128_0,1514985793835909128,@Dr4me_games ありがとう！
A1514986039382884363_0,1514986039382884363,@weepingblade12 ありがとう。
A1382978332212400132_0,1382978332212400132,わかめは地区割で1人しか担当しておらず、スカスカの状態である。
A1382978332212400132_1,1382978332212400132,社会不適合者を集めて種延海賊団を作るしかない。
A1382978556523778054_0,1382978556523778054,後継の可能性も含めて雇用の話が来た。覚悟の問題だ。
A1383053159258460163_0,1383053159258460163,Sigma fp Lが発売されたので欲しい。
A1383061397743955970_0,1383061397743955970,秘密の質問システムをすべてEpisoPassに変更してほしい。
A1383062036213428224_0,1383062036213428224,@shaman_main それでも本当に興味深いです。
A1383164701123571712_0,1383164701123571712,RT @DBZAOOC: https://t.co/W71kZlWk1U
A588859922508488704_0,588859922508488704,アマゾンが定額で結婚式プランを販売している。価格は35万円、50万円、65万円の3種類である。
A588876352138313728_0,588876352138313728,ぱくたそフリー写真素材に「そのツイート、玄関に貼れますか？」の派生素材を10枚追加しました。怪文書や警告ぽい利用にぴったりです。ぜひご利用ください。
A588882076625203201_0,588882076625203201,ぽかぽか https://t.co/7ABoVJ3GVP
A1250969137586659328_0,1250969137586659328,やはり3 mmにした朝は清々しいな。
A1250970182803062784_0,1250970182803062784,？？？「妙だな…」
A1250970182803062784_1,1250970182803062784,香川県｜共有パソコンの紛失について https://t.co/A42YcIYC52
A1250971860549828615_0,1250971860549828615,お好み焼きとオムレツのキメラ / フライパン1枚で野菜たっぷり「お焼き（仮）」は、お好み焼きでもオムレツでもない“何か”です【ツジメシの付箋レシピ】 - メシ通 | ホットペッパーグルメ https://t.co/wccbZ7kw5S
A1250974614680829952_0,1250974614680829952,所得制限なくすべての国民に10万円を給付します。
A1250974614680829952_1,1250974614680829952,給付申請窓口を鍾乳洞の地底奥深くに設置してあります。
A1250976263239430144_0,1250976263239430144,生まれ変わったらニューヨーク出身のアメリカ人コスプレイヤーになりたい。
A1250981618447118336_0,1250981618447118336,今日の広告、キノコ型テーブルランプ。
A1250981632539914245_0,1250981632539914245,AIはエネルギー・グリッドを最適化し、無駄と二酸化炭素排出を削減するのに役立つ。
A1250983224899076097_0,1250983224899076097,実験の結果、裏切り者の74パーセントが左頬をカメラに向けてポーズをとった。
A1250983224899076097_1,1250983224899076097,心理学ワールド 89号 顔 左の顔と右の顔─悪い奴は左頬で笑う | 日本心理学会
A1250992809579962369_0,1250992809579962369,COVID-19は、機械に仕事を奪われると感じる人々が、人間が働かなくても経済が回る仕組みを考えるきっかけになると良い。
A1250993341715451904_0,1250993341715451904,AIを所有する一部の資本家に富が集中する可能性がある。
A1250993341715451904_1,1250993341715451904,その結果、持たざる者たちが資本家の生活を称賛する未来が訪れるかもしれない。
A1250994423061569539_0,1250994423061569539,本当に10万円が欲しいなら、どこであれ土下座ができるはずだ。たとえそれが肉焦がし骨焼く鉄板の上でも。
A1250994423061569539_1,1250994423061569539,“10万円は要望する人に給付と麻生氏 ｜ 共同通信” https://t.co/6pkK3CCLgP
A1251006456641368066_0,1251006456641368066,知り合いの6歳女児に「タンポポ団に入らないか？」と誘われた。
A1251006456641368066_1,1251006456641368066,どんな団なのかと聞くと「走ってお腹すくのがタンポポ団」だと答えていました。
A1251006456641368066_2,1251006456641368066,入ろうと思う。
A1251006487964422144_0,1251006487964422144,おじさんもタンポポ団に入れてくれ。
A1251007590210744320_0,1251007590210744320,ルンバの転落事故に注意⚠️ #マメルリハ #インコ
A1251018136565846016_0,1251018136565846016,ワオキツネザルのオスがメスを惹きつけるために使う匂いについての記事: https://t.co/RGtT2w1gvL
A1251026142997303299_0,1251026142997303299,脳内自己刺激を早く人間にも利用できるようにしてほしい。
A1251026360593559552_0,1251026360593559552,報酬系の電極に電気刺激を与えてください。
A1251053598684803072_0,1251053598684803072,動物病院で「この子はコーギーの中でも特に脚が短い」と言われた短足のコーギー。
A1251055837239341056_0,1251055837239341056,優性と劣性の概念は、エンドウの草丈の高低に関する研究から始まった。
A1251058368862552065_0,1251058368862552065,感染症や公衆衛生の専門家が素人に振り回されているのは、量子力学や放射能デマに対する誤解と同じように見える。
A1251058393168539648_0,1251058393168539648,@AccSempai カソクキセンパイのツイバトルはアウトリーチ活動だった。
A1251059110335754240_0,1251059110335754240,SNS上で不用意な発言をすると批判されやすい科学分野がある。例えば、統計など。
A1251060304139579392_0,1251060304139579392,@m43net 🙏
A1251060488630198273_0,1251060488630198273,銃・病原菌・大仏
A1251079443591790593_0,1251079443591790593,今日もビニールハウスによじ登っていたネコたち🐱
A1251080360059760646_0,1251080360059760646,多くの人がYouTubeを始めているが、内田さんのコンテンツは特に分かりやすく、プロフェッショナルだと感じる。
A1251099572899737601_0,1251099572899737601,読書メモが写経になりがちなので、改善したい。
A1251113445568602113_0,1251113445568602113,ランバ・ラル: 見事だな！しかし小僧、自分の力で勝ったのではないぞ！そのエンドウの性質のおかげだということを忘れるな！！
A1251113445568602113_1,1251113445568602113,メンデル: ま、負け惜しみを！
A1251118092811251712_0,1251118092811251712,iPhone SEを買うかどうか迷っている。
A589036782181691392_0,589036782181691392,土日で詳細を詰めよう。
A589039030722908161_0,589039030722908161,【感動】おばあちゃんの墓で泣く犬の裏話がスゴイ http://t.co/pH5d6YFDxW
A589055314072244224_0,589055314072244224,元住吉の広島つけめんの店を試してみる。
A589055417352753152_0,589055417352753152,カープの色が辛い。
A589060234414465024_0,589060234414465024,つけめんじゃなかった。
A589060234414465024_1,589060234414465024,そしてうまくなかった。
A1251149199971807235_0,1251149199971807235,新型インフルエンザ等特別措置法で、医療機関の従事者はパンデミック時に医療供給を放棄しない代わりに死亡・傷害が補償されると習ったが、医療事務も含まれているのか疑問だ。
A1251149199971807235_1,1251149199971807235,“病院の事務だけど肉の壁させられてる” https://t.co/7lnFlIkaU0
A1119059854168141824_0,1119059854168141824,アニメ『甘城ブリリアントパーク』の視聴ステータスを『見たい』にしました。
A1781175165378056363_0,1781175165378056363,辛辛魚は食べると必ず気管に入る。
A1119102264738639873_0,1119102264738639873,さらざんまい第2話を見ました。最高でした！😭🙏 #さらざんまい
A1119103285594427393_0,1119103285594427393,イクニ作品は一見分かりづらいが、大切なことは作中で繰り返し一貫して主張されている。
A1119103285594427393_1,1119103285594427393,イクニの過去作も合わせて見ると、作品の解像度が上がる。
A1781227189041877494_0,1781227189041877494,@sooomastream なかなか帰宅なんてできるもんじゃない。誇っていい！
A1781240950368714872_0,1781240950368714872,そろそろ狩るか…♠️
A1781256600688398701_0,1781256600688398701,@osara_arai_muri まずは狩猟免許の講習会予約…😂
A1119188912612626433_0,1119188912612626433,花粉の影響が少なく、薬なしで過ごせているが、東北では昨年比60%の花粉量なのか。
A1119190117275451392_0,1119190117275451392,"現時点までに825名の方から合計9,722,169円のご寄付をいただきました。本日受付分をもって、本目的の寄付の受付を一旦終了します。"
A1119190117275451392_1,1119190117275451392,当協会では引き続き寄付を募集していますので、そちらの方でお願いします。
A1119200269890310144_0,1119200269890310144,権威への服従実験の最近の再解釈についての記事: https://t.co/a5GPK9B1A5
A1119201544467959809_0,1119201544467959809,歴史だ。
A1781294723329929448_0,1781294723329929448,@with_naricoman 解体は任せた！
A1781294795471909108_0,1781294795471909108,生誕祭の記録です。皆さんご参加ありがとうございました！
A1781306025234378832_0,1781306025234378832,Octaに慣れるぞ～！
A1119245166542499841_0,1119245166542499841,アニメ『甘城ブリリアントパーク』の視聴ステータスを『見てる』にしました。
A1119245419824001025_0,1119245419824001025,パクリと言われるとキレるモッフル、一体何者なんだふもっふ…
A1119245419824001025_1,1119245419824001025,甘城ブリリアントパーク 第1話 を見ました https://t.co/V3O4cfhDDl #amaburi
A1119250783961174017_0,1119250783961174017,ファミマの大きなチキンはおいしい。
A1119251176392814593_0,1119251176392814593,仙狐さんを見ると、幼児退行させてくれる人が欲しくなる。
A1119253043621404673_0,1119253043621404673,乳首の毛を剃ることで自己肯定感が向上する。
A1781344190238216258_0,1781344190238216258,Octaに馴染んできたかも。
A987159764793741312_0,987159764793741312,https://t.co/jcWfGm06fCのほうが使いやすいかもしれない。
A987225361447571457_0,987225361447571457,珍しく大船渡図書館にあった！
A987228987888951298_0,987228987888951298,僕は暗号化されていたのか https://t.co/e8c3gcgBnn
A987257018942541824_0,987257018942541824,🀆 / “一文字だけ喋って何かを伝えて” https://t.co/Xou2PY7Lqe
A987257240162881536_0,987257240162881536,個室を作ったら集中できたが、それでも作業が遅い。😭
A987268660686307329_0,987268660686307329,洗顔シートを引っ張りたい。
A987268660686307329_1,987268660686307329,【検証】ハッタリだけで、格闘家をビビらせて勝つことはできるのか？ https://t.co/QNTWd1HvH2
A987279879380062208_0,987279879380062208,オペラント条件づけの授業では、必ずイヌとパチスロの例が出されるのが面白い。
A987328836093145088_0,987328836093145088,2016年に国連は、インターネットアクセスが清浄水、電気、住まい、食物と同じく基本的人権であると宣言した。
A987328836093145088_1,987328836093145088,ウェブは危機に瀕している。我々とともにウェブのために戦おう。（The web is under th…）
A987479958887919616_0,987479958887919616,twuで変換できるのを知った、ありがとう。
A987480532664532992_0,987480532664532992,伝説になってしまった…
A987480532664532992_1,987480532664532992,人気DJのアヴィーチーさん死去 | ロイター https://t.co/Xm7zvCz4tS
A855217223560044544_0,855217223560044544,ギークゴミ屋敷
A855217411380854784_0,855217411380854784,フィギュアスケートまでさせてるから問題ない。
A855217411380854784_1,855217411380854784,「日本人は信長を化物にされたら怒らないのか？」→もうなってる - Togetterまとめ
A855217910943367168_0,855217910943367168,あしなが募金がピンチ。5年間で全国で4割減少し、人手不足が影響している。（茨城新聞クロスアイ）
A855218237457354752_0,855218237457354752,SPAMを大量に入荷したい。
A855218237457354752_1,855218237457354752,沖縄のお土産はサンエーで買って発送するのが良い。
A855219584617426944_0,855219584617426944,住人全員ができるモノマネで共有アカウントを目指す。
A855219584617426944_1,855219584617426944,「Google Home」が複数ユーザーの音声を認識可能に。
A855223583097987072_0,855223583097987072,特定の世代を狙い撃ちできる攻撃方法が欲しい。
A855225535466754049_0,855225535466754049,Facebookの入力した文字が増殖し続ける機能が復活してほしい。
A855237582900256768_0,855237582900256768,家事は気づいた人がやるべきだというシステムにありがちなこと。
A855241154329292801_0,855241154329292801,恋愛暴君に登場する水色の髪をしたアクアという女の子について話したい。
A855245369814528001_0,855245369814528001,キスノートが燃えて電子書籍化する流れが激アツ。
A855247085704290304_0,855247085704290304,AIはエネルギー・グリッドを最適化し、無駄と二酸化炭素排出を削減するのに役立つ。
A855249115965308928_0,855249115965308928,「それにあなた、ブスって言うほどブスじゃないわよ。ちょいブスよ」かぶくねぇ…
A855249895627902976_0,855249895627902976,くろは、自分より優秀な人々の心を掌握するのが得意な覇王だ。
A855255177086943233_0,855255177086943233,ニート オートマタ
A855257719086895105_0,855257719086895105,また髪の毛の話してる…(´･ω･`)
A855257719086895105_1,855257719086895105,“毛無峠と小串鉱山遭難記 [2012/5]” (63 users) https://t.co/eRFqmHcM8Z
A855259737021087745_0,855259737021087745,月がきれい。
A855259737021087745_1,855259737021087745,甘酸っぱい恋をしていて辛い。
A855260513810436097_0,855260513810436097,ゴーゴーレッツゴーに定評のある体育会系。
A855263240724545536_0,855263240724545536,『月がきれい』を先に見てから『恋愛暴君』を見るべきである。
A855264382250627072_0,855264382250627072,川越の夜の神社で綺麗な月を見ながら会話ができずにもじもじしている中学生たちを見て、四谷で昼間からアニメを見ている自分に意識が戻った時の辛さ。
A855266425925128192_0,855266425925128192,野田サトルの『ゴールデンカムイ 10』をAmazonでチェックしました。
A855276388764368900_0,855276388764368900,自分は都知事選挙には向いていないと感じてきた。
A855278908916195328_0,855278908916195328,スター / “ほしいもの” (334 users) https://t.co/SL4vCirXuN
A855280908173062144_0,855280908173062144,生鮮食品配送サービス「Amazonフレッシュ」が日本で開始され、まずは都内6区からスタートする。
A855283258497441793_0,855283258497441793,カープV預金で好きなスポーツチームは？で9割突破できる問題だ。
A855283258497441793_1,855283258497441793,銀行ログイン時の秘密の質問が頭おかしい。
A855284290505949184_0,855284290505949184,3億円余事件なのか4億円弱事件なのかどっちなんだ
A855287564072214531_0,855287564072214531,スターが欲しいと書いたら、20個くらいくれた優しい人がいた。
A855310169189699584_0,855310169189699584,チノちゃんbotでデータベースが必要な機能を実装する時が来た。
A855310505572917248_0,855310505572917248,やっぱり社長はスキンヘッドの大男だよな。
A855313113809170432_0,855313113809170432,ID0、肉体を捨てる技術は良い。
A855336209001848833_0,855336209001848833,ポーランドキッズがソファカーペットに何かをこぼしていた。さらに、ねこクッションにも大きなシミができていた。
A855345369533874176_0,855345369533874176,ESO、全然終わりが見えない…
A855345886414635009_0,855345886414635009,マストドンを立ち上げて就職を目指すぞ！
A855357151165984773_0,855357151165984773,Facebook Messenger APIがグループ対応になったので、良いPythonライブラリがあれば使いたい。
A855381442615889920_0,855381442615889920,小指か…
A855384612570357764_0,855384612570357764,真剣に物事を考えると、部屋の中をうろうろし始める。
A855387711745794049_0,855387711745794049,ビットコインの存在を忘れていたら、1万円儲けていてハッピーだった。
A855389209301065728_0,855389209301065728,botは本当に面白い。
A855393108535758850_0,855393108535758850,今はとても興奮しているが、後で一気に疲れが出るだろう。
A855396951185018880_0,855396951185018880,いい… / “小林さんちのメイドラゴン・カンナ集（２話～７話）” (1 user) https://t.co/mx15AWkTov
A855406838195662848_0,855406838195662848,チノちゃんbotはラズパイゼロWで動いている。
A855406838195662848_1,855406838195662848,そのラズパイは僕の枕元にある。
A1649413117607067654_0,1649413117607067654,Legend Progressでは8分台でクリアしているが、リダボではまだSuperkuをクリアしていない。やはりある時点の記録を残しているだけなのか。 https://t.co/JSuOxZEMH1
A1649413648975114242_0,1649413648975114242,アイスとインビジとルートとMap2レギュラーが必要だ。
A1649413648975114242_1,1649413648975114242,All Bullyは始まりに過ぎず、まだまだタイムを詰められる。😭
A855422594295635970_0,855422594295635970,nasneも色々できそうだな。
A855422594295635970_1,855422594295635970,【nasune】APIを調べてみた。ディスク容量が知りたい、他 | Pocketstudio.jp log3
A855424453274218496_0,855424453274218496,リビングにあるVolumioがしばらく前から動かないと思ったら、WiFiドングルが折れているかもしれない。
A1649419735774240780_0,1649419735774240780,Loot Speedrun2分ってどうやってんの😂
A1649423492423598080_0,1649423492423598080,@reiwa0601 おめでとう～～！！！！
A855432134596583428_0,855432134596583428,ひなこのーと #3「ともだちかんちがい」を録画予約しました。[TOKYO MX1 4/22(土) 1:40] #tokyomx #torne https://t.co/x6nbffHfMY
A855433373724139520_0,855433373724139520,『ひなこのーと』の第2話を見逃したが、Dアニメで視聴できるので安心した。
A1649425700493963268_0,1649425700493963268,僕がやってるゲームと違う… https://t.co/rElBuwTdYh
A1649426363542036482_0,1649426363542036482,スピードランでは、横方向のカメラ移動が必要である。
A855552641065033728_0,855552641065033728,RT @mosu_g: サターニャがかわいすぎる件 https://t.co/PMEl9XCa9T
A855561596411817984_0,855561596411817984,建もの探訪で、本棚に線形代数や腸内細菌の本があり、ギークハウスのような雰囲気がある。
A855570360388825089_0,855570360388825089,"社長に「自分を時給5,000円だと思え、1分いくらか計算してみろ。仕事の効率も意識も自ずと変わってくるはずだ」と言われたが、「おいおい寝言は時給5,000円出してから言え」としか思わなかった。"
A855570360388825089_1,855570360388825089,#ブラック企業あるある
A855570360388825089_2,855570360388825089,#深夜だ…
A1517372344653651968_0,1517372344653651968,苗床作り https://t.co/SAcl2Zp791
A1517396157634613248_0,1517396157634613248,200発 https://t.co/8y03jT0Rv2
A1517410594923905024_0,1517410594923905024,@AnthonyKellyYip ありがとう😊
A1517413780967555073_0,1517413780967555073,@Halo_Halo8739 はるさんは畑育ちなんですね！僕は右も左も分からないまま、言われるがままに畑を手伝っています😇
A1517413892976427008_0,1517413892976427008,@Sun_Richard1911 これらはハロウィン用です。🎃
A1517414019036225536_0,1517414019036225536,@enirin 土を詰めている時、アイスクリーム屋さんのようだった！
A1517414778440130560_0,1517414778440130560,@ribenchi 綺麗な花になってりべん家行くね。 #ribencHazukashuu
A723439314722385920_0,723439314722385920,別当さんとLoLを最初からやりますが、参加する人はいますか？@3 https://t.co/lwBM8rLhAS
A1517455664120942592_0,1517455664120942592,御託はいい…とっとと最強を教えろ！！
A1517456323230674945_0,1517456323230674945,ダーウィンズバークスパイダーという名前を覚えて、知識をひけらかすつもりだ。
A1517512930132070411_0,1517512930132070411,初見プレイヤーに的確な指示を出すことが重要である。
A723638304999006212_0,723638304999006212,@Yabre_Kabre やりましょう！
A723639106584989696_0,723639106584989696,ワンピースを最新話まで読み終えた。ドン！！
A723639260755034112_0,723639260755034112,来客時に限って昼夜逆転してしまう。
A1385500854627667972_0,1385500854627667972,【魚群】ケイネス・エルメロイ・アーチボルト https://t.co/NCUSYpaIX9
A1385518859910729728_0,1385518859910729728,『進化でわかる人間行動の事典』が5月中旬から書店に並ぶそうです。ぜひお買い求めください。
A1385518969633660930_0,1385518969633660930,辞典は高価だが、持っておきたい。
A1385592027371372545_0,1385592027371372545,ナディアはシン・コナンということか。
A1253483245515104257_0,1253483245515104257,Pioneer転写因子Sox2がDNAに結合し、ヒストンに働きかけてnucleosomeからDNAを剥がす様子が明らかになった。
A1253488412599828480_0,1253488412599828480,天皇もPodcastを始めるべきだ。
A1253491706550382592_0,1253491706550382592,「100日後にﾀﾋぬワイ」34日目 https://t.co/ijmQT8IG1C
A1253492063582089216_0,1253492063582089216,ワイさんの生活がリアルすぎる。
A1253496996733702144_0,1253496996733702144,天皇がPodcastを始めると、マイクやオーディオインターフェースなどの配信機材が皇室御用達になるのかもしれない。
A1253499982860042240_0,1253499982860042240,天皇の英語の先生の授業を受けたので、僕にも皇位継承権があるはずだ。
A1253514121464569857_0,1253514121464569857,RT @eckmeister: Finally got one! #nintendoswitch https://t.co/AB9HvM9IxB
A1253514148526223360_0,1253514148526223360,スイッチだ！
A1253517000116039680_0,1253517000116039680,国保を滞納しているのに、なぜこんなものが…？🤔 https://t.co/lhaMPjZ3RN
A1253520171693568000_0,1253520171693568000,初めてiPhoneのデータ移行を使ったけど、よくできているね。
A1253521817433595904_0,1253521817433595904,ストレージが8倍になった。
A1253525761140506624_0,1253525761140506624,SEが非常に速くなって嬉しい。
A1253529402266152960_0,1253529402266152960,@mosayagi1 Smart Battery Caseの見た目はスマートではないが、SE用が出たら欲しい。
A1253541455567613952_0,1253541455567613952,5歳児に詰められる暗黒卿
A1253541489453314048_0,1253541489453314048,この将棋はとても良い。
A1253541722509828096_0,1253541722509828096,将棋盤と駒が連動していて、駒が離れたら移動先が光るシステムを作ってほしい。
A1253579881708830723_0,1253579881708830723,A13サイコー！！😭
A1253583496712347649_0,1253583496712347649,大脳皮質の発生におけるニューロンの移動についての理解が必要である。
A1253583496712347649_1,1253583496712347649,現場では、限られたリソースで勝負しなければならない現実がある。
A1253585292205756417_0,1253585292205756417,分娩の痛みを夫が分担する「擬娩」という文化がある。
A1253585292205756417_1,1253585292205756417,山梨知事が給与を1円にし、休業要請の先頭に立つと発表した。
A1253586036996796418_0,1253586036996796418,軸索の投射には粘菌のような特徴がある。
A1253587119328485376_0,1253587119328485376,心理学ワールド第89号で、入戸野宏（大阪大学）の著書『かわいいのちから――実験で探るその心理――』が紹介されている。
A1253593653810851840_0,1253593653810851840,@o_sio 人間の政治家としては問題があるが、サルの群れの政治としては理にかなっている。
A1253598770824019968_0,1253598770824019968,放送大学でもポリオに感染したことのある学生がいてすごい。
A1253598770824019968_1,1253598770824019968,107歳の女性がスペイン風邪も新型コロナも克服した。
A591518993892020224_0,591518993892020224,ストックフォトのダウンロード会員でログインミスしてログインロックする意味はあるのか？
A1253607751361523714_0,1253607751361523714,広島大学は、新型コロナウイルスの影響で生活に困窮している学生・留学生に対し、生活困窮度を確認した上で、1カ月3万円の支援金を給付することを決定しました。
A1253607823641960448_0,1253607823641960448,広大生は平時から隔離されているので慣れていそう。
A1253614036022734850_0,1253614036022734850,「100日後にﾀﾋぬワイ」35日目 https://t.co/tK9um9wky4
A1253619423056850944_0,1253619423056850944,高等植物〜〜〜〜ッ！！！😭
A591537016493379584_0,591537016493379584,待ち時間が長すぎる。
A591537267090403328_0,591537267090403328,修理診断ではなく、修理を依頼したが無駄だった。
A1253621345264340994_0,1253621345264340994,感染者の家に石を投げたり、県外ナンバーの車に嫌がらせするのも「絆」の力である。
A1253621768549367808_0,1253621768549367808,絆は内集団の結束を高めるためのものである。
A1253621768549367808_1,1253621768549367808,その結果、仲間ではない人に対して攻撃的な行動を取ることがある。
A1253642288200183814_0,1253642288200183814,80年代は楽しそうなので、時間旅行したい。
A591742823038234624_0,591742823038234624,中国政府が葬儀からストリッパーを排除するようです。
A591743766135906304_0,591743766135906304,Macがない朝
A1121625690250473478_0,1121625690250473478,激痛が…😭
A1783714398366032116_0,1783714398366032116,https://t.co/ms6mhd0eNa
A1783714690440495560_0,1783714690440495560,@one_leaf623 このあと急いで追いかけました。
A1783720140485578878_0,1783720140485578878,@one_leaf623 鹿は大丈夫だが、カモシカはダメだ。
A1121691827428442114_0,1121691827428442114,カテーテルを挿入されてしまった…😭
A1121703388620578817_0,1121703388620578817,病院で天井のシミの数を数えている。
A1121711481953734657_0,1121711481953734657,プーチン大統領に金正恩総書記が刀をプレゼントした時の画像。説明中にプーチンにカウンターを喰らっていて笑った。内心一瞬焦ったと思う。
A1783801441020485976_0,1783801441020485976,『入門 迅雷固め』という本をつくりました！ #わたしの現代新書 #現代新書60周年キャンペーン https://t.co/0OPeDTCu61
A1121733058741170176_0,1121733058741170176,https://t.co/K5WQuWbrJJ
A1121745129814016000_0,1121745129814016000,いいお姉ちゃんだ…
A1121745129814016000_1,1121745129814016000,城下町のダンデライオン 第7話 を見ました https://t.co/Svi7kCanOI #dande_anime
A1121751381587709953_0,1121751381587709953,城下町のダンデライオン第8話を見ました。王様……😭 #dande_anime
A1121751381587709953_1,1121751381587709953,https://t.co/iJ3fFgWToY
A1783871710653288526_0,1783871710653288526,MR1600は、本当に1600台の強さを持っている人には歯が立たないと感じる。
A1783903448829927828_0,1783903448829927828,格上の相手と対戦することで、明確な弱点を見つけやすく、リプレイで学びやすい。
A1783903448829927828_1,1783903448829927828,相手にとっては時間の無駄かもしれないが、ボコボコにされることで上達が早くなると感じる。
A989680117629800448_0,989680117629800448,Google Homeで「うんちを記録しました」から「えらいねぇ」に変更することで、排泄の度に自己肯定感を育むことができる。
A989680117629800448_1,989680117629800448,この例から、UXデザインが重要であることがわかる。
A989686992685350912_0,989686992685350912,通信会社による改竄攻撃があるため、AppleのATSは非常に正しい。
A989686992685350912_1,989686992685350912,mineoが悪名高い「通信の最適化」を開始した。
A989710963128569856_0,989710963128569856,https://t.co/B8Czpzr6Sd
A989712131036610561_0,989712131036610561,@geek_h_momiji キスショット・アセロラオリオン・ハートアンダーブレードこと忍野忍ちゃんを贈っていただいてありがとうございます！大切にします！
A989802356245192705_0,989802356245192705,ただいるだけでよいという配慮されたお小遣い稼ぎでさえ遅刻する私。
A989805636018819072_0,989805636018819072,出だしで「さぁ！」と叫ぶ感じの歌あるじゃん？
A989810151719874560_0,989810151719874560,理解したと思ってから、本当に理解するまでには時間がかかる。
A989851644727705600_0,989851644727705600,1Gbps以上の速度測定をする人が増えているため、1Gbpsの光回線は時代遅れになっている。
A989852144483422209_0,989852144483422209,Wifiヤクザとして生きていきたい。
A989863317366714368_0,989863317366714368,僕の未来コーデ計画が…
A989863317366714368_1,989863317366714368,配送遅れた「ZOZOSUIT」、マーカー方式の新型に 「7月中旬に届ける」 - ITmedia NEWS https://t.co/I4u1qZPJAT
A989865018987511810_0,989865018987511810,ZOZOスーツがダサくなったのは許せるが、「着るだけ」から「360度色んな方向から撮影するだけ！！」への採寸方法の変更は厳しい。
A989865316044984320_0,989865316044984320,あのGANTスーツを着て火炎放射器で地域コミュニティを破壊する予定だったのに…
A989866641897869312_0,989866641897869312,大船渡はそろそろマクドナルドがない問題と向き合うべきだ。
A989866641897869312_1,989866641897869312,大船渡は日本一マクドナルドから遠い場所である。
A989870496601653248_0,989870496601653248,「応援なんて誰にでもできる」という正論に、プリキュアはどう立ち向かったのか？
A989873592778113026_0,989873592778113026,かわいい。GitHub - cgoldsby/LoginCritter: An animated avatar that responds to text field interactions https://t.co/CrUpMToYlQ
A989879795411443714_0,989879795411443714,田舎に帰るとやけに自分に懐いた褐色ポニテショタがいる。
A989879981160345606_0,989879981160345606,RT @cmk2wl: ダメだ…考えることを放棄している…………考えることが…怖いんだ！「進撃の巨人」 http://t.co/Op7PdfrclJ
A989880518157123585_0,989880518157123585,こっそり猫を飼いたい。
A989882667817549824_0,989882667817549824,これは私の友人の娘の猫です。名前はフランクです。彼がトレンドになるべきだと思います。 #humancat
A989883245654298624_0,989883245654298624,【企画】嫌パンおかわりおパンツ投票。もう一度嫌な顔されながらおパンツ見せてもらいたい女の子を教えてね！たくさん投票して『おかわり』おパンツを見せてもらおう。投票は5月1日～5月14日まで。詳しくは投票サイトで。
A989884129234726912_0,989884129234726912,『嫌パン』おかわりおパンツ投票 ｜『嫌な顔されながらおパンツ見せてもらいたい』
A989884390284169216_0,989884390284169216,田舎なのに自分に懐いた褐色ポニテショタがいない。
A989888126540795904_0,989888126540795904,あのかっこいいZOZOスーツを着て犬の散歩をしたかった。
A989888541739008000_0,989888541739008000,RT @MValdegamas: https://t.co/24HLSn2VfU
A989889937691394049_0,989889937691394049,漢詩は教養である。
A989889937691394049_1,989889937691394049,“我愛好肛門自慰、激烈快感連休” https://t.co/pWwMgqGlRH
A989891559863681024_0,989891559863681024,シムシティで生み出された人口600万人超の究極のディストピア都市「マグナサンティ」 - ライブドアニュース https://t.co/slDEzdrFja
A857760719646969856_0,857760719646969856,ブルマ相撲を国技にするべきだ。
A857792176243265536_0,857792176243265536,Slack APIでは、チャンネルを判定してチャンネルごとに実行を切り分けることが難しいようだ。
A857792470549229568_0,857792470549229568,システムメッセージ部分のチャンネル名でいけるかと思ったが、'the channel'が返ってきてチャンネル名はそこから取れなかった。
A857802740294201344_0,857802740294201344,月がきれいだね。
A857816891292700673_0,857816891292700673,広島の温泉旅が素晴らしい。神楽門前湯治村や帝釈峡がある中山間エリアで癒されてきた。
A857844914180194305_0,857844914180194305,ゴミ出しリマインダーを簡素化した。
A857846823251083266_0,857846823251083266,@pronama 🙇
A857863639524491264_0,857863639524491264,つらい / “広島の３人死亡火事 ゴキブリ駆除の火が原因か | NHKニュース” (205 users) https://t.co/bwA2DsleYI
A857879998413234176_0,857879998413234176,RT @panzuban: アライさんの洗濯GIF https://t.co/EtUP6RFCkj
A1651874855602786304_0,1651874855602786304,@JaiOjiking めちゃ依頼したい…！
A857902501844176896_0,857902501844176896,欲しかったメソッドを探していたら、別のものを見つけた。
A1651896621154844673_0,1651896621154844673,@mog_o37 おめでとうございます！
A857907206783590400_0,857907206783590400,重要なことだが、増田が女性だとは一言も書いていない。
A857907206783590400_1,857907206783590400,“彼氏に内緒で男友達の家に泊まった” (378 users) https://t.co/KzbyEC32eV
A857908698013773824_0,857908698013773824,“Slackのメッセージをchannels.historyで取得した時に取得できるJSONのパターンについて - Qiita” (2 users) https://t.co/VzqsmeevSI
A857910052702781440_0,857910052702781440,ワクワクさんが電子工作をしていると思ったが、『つくってあそぼ』は終わっていたのか。
A1651907552735825921_0,1651907552735825921,アイスと和解してBullyを達成しました！
A857936090522669057_0,857936090522669057,池澤あやかさんがUPQに関わることで問題に巻き込まれる可能性がある。
A857959092173774848_0,857959092173774848,PSVRでDMM VRのアダルト動画を見る際にミラーリングが切れない問題に注意が必要である。
A1519855959723888641_0,1519855959723888641,起きる勇気
A1519858742510055425_0,1519858742510055425,@ribenchi ありがとう！😍
A1519905701027454976_0,1519905701027454976,動作確認用のAndroidが欲しくなってきた。
A1519906148983345152_0,1519906148983345152,@fluffyfeluca iOS版ですか？
A1519906148983345152_1,1519906148983345152,こちらの環境では、最下部までスクロールすると追加ロードされ、すべて表示されます。
A1519906148983345152_2,1519906148983345152,「あなたにおすすめのチャンネル」まで到達できますか？
A1519906148983345152_3,1519906148983345152,到達できない場合、ロード中に通信に失敗している可能性があります。
A1519906417880141825_0,1519906417880141825,@fluffyfeluca iOS版では低遅延モードがオプトイン設定なので、設定すると多少改善されます。
A1519906417880141825_1,1519906417880141825,iOS版はブラウザと比べると若干遅いので、他の環境のようにオプトアウトではないと予想されます。
A1519909611934867456_0,1519909611934867456,@fluffyfeluca 1回だけ追加ロードする実装は考えづらいですが、Android版はもともとそういう実装なのでしょうか？（聞いている限りでは、Androidも追加ロード前提でロード失敗しているように思えます）
A1519909611934867456_1,1519909611934867456,バグレポートを出すと開発者には喜ばれますが、普通は面倒ですよね。
A1519909876851388417_0,1519909876851388417,@fluffyfeluca ここの記述と食い違うけどどうなんだろう https://t.co/tpmV0oLapX
A1519911367561515009_0,1519911367561515009,iOS版では、低遅延モードオプションはトップの「オプション」からは選択できず、ビデオプレイヤーの「歯車マークを押したときのオプション」からしかアクセスできない。
A1519911367561515009_1,1519911367561515009,Android版も同様かもしれない。
A1519911367561515009_2,1519911367561515009,このUIは非常に分かりにくい。
A1519912667741179906_0,1519912667741179906,@fluffyfeluca なるほど、「低遅延モード」は配信側の設定で、「低遅延モード」は視聴側の設定なんですね。
A1519912667741179906_1,1519912667741179906,Android側で低遅延プレイヤーの設定はありますか？
A1519912667741179906_2,1519912667741179906,iOS版の記述だと「一部の配信において」遅延減という記述があるので、低遅延モードの状態にかかわらず低遅延プレイヤーは設定できるのではないかと思います。
A1519912951997628417_0,1519912951997628417,@fluffyfeluca 誤字：「低遅延プレイヤー」は視聴者側の設定です。
A1519913496837648384_0,1519913496837648384,@fluffyfeluca Androidにはその機能がないんですね。ありがとうございます。認識が真逆でした。
A1519915709240729604_0,1519915709240729604,Twitchの低遅延モードがわかりにくい。視聴者側の低遅延についても「低遅延モード」となっていて、記述が曖昧で混乱する。
A1519920454844051457_0,1519920454844051457,Twitchで低遅延モードで視聴できないデバイスは、iOSのTwitchモバイルアプリとその他の未対応デバイスです。
A1519921260490223616_0,1519921260490223616,iOSの低遅延プレイヤーのアナウンスが2021年なので、ヘルプの文章にはモバイル端末のプレイヤーについては触れていない。
A1519921577243992064_0,1519921577243992064,まとめ欲
A1519923022953533440_0,1519923022953533440,@Wataxxx_ 動画プレイヤー上の歯車を押して「低遅延プレイヤー」設定がありますか？
A1519923329569746944_0,1519923329569746944,技術的な話をするときはバージョンを明記するべきだが、普通のツイートではそこまで必要ないと感じる。
A1519923329569746944_1,1519923329569746944,相手が技術的な話をしたいわけではないことが多いので、ツイートでバージョンを明記するのは過剰かもしれない。
A1519923561229471744_0,1519923561229471744,検証用にAndroid端末を持つ必要がある。
A1519923888729116672_0,1519923888729116672,最初は動作検証用だったが、外配信にも使える最強のAndroidスマホを探しそうで怖い。
A1519924600024444928_0,1519924600024444928,@Wataxxx_ 公式のヘルプ記事が読みづらいと感じて調べていますが、手元にAndroid端末がありません。iOS版にはありました。遅くても5秒の遅延はかなり少ないので気になりました。
A1519928415389818880_0,1519928415389818880,Androidには低遅延プレイヤーの設定がないが、低遅延モード自体は機能している可能性がある。
A1519928415389818880_1,1519928415389818880,iOSにはAirplay無効などのデメリットがあるため、低遅延モードの設定が存在する。
A1519931724498489345_0,1519931724498489345,@Wataxxx_ ありがとうございます！他デバイス情報たすかります！
A1519932524897595392_0,1519932524897595392,Androidで低遅延モードの設定が消えたという話を見つけた。https://t.co/2reKXnWd2B
A1519933514707181568_0,1519933514707181568,こちらは16日前の情報です。
A1519939493771374592_0,1519939493771374592,調査の結果、適切なドキュメント文化が企業に根付いていないとユーザーが混乱することがわかった。
A1519939861007925249_0,1519939861007925249,ドキュメントのフィードバックが想定されていないため、ヘルプ窓口からTwitchアカウントに紐付けて意見を述べる必要がある。
A1519939861007925249_1,1519939861007925249,フィードバックの手間とリスクがあるため、ドキュメントは改善されない。
A1519943521003655168_0,1519943521003655168,RT @hirousuda: 【Twitch】『500 Follower Anniversary！』配信は本日19時くらいより開催。
A1519943521003655168_1,1519943521003655168,3名様までの5000チャンネルポイント特典は2.5時間以上かけて描かせて頂きます。
A1519943521003655168_2,1519943521003655168,レイド特典は3名様まで単色絵です。
A1519945803732725760_0,1519945803732725760,Twitchにドキュメント文化を根付かせるには、日々の小さい積み重ねの大事さを学べるものが必要である。
A1519945803732725760_1,1519945803732725760,Pogoの時間だぁ！！！
A1519948796637028352_0,1519948796637028352,AndroidでVideo Statsが表示できるなら、もっと多くの情報が得られそうだ。
A1519968741781499904_0,1519968741781499904,Twitchのフレンド機能が廃止されるらしい。
A1519968741781499904_1,1519968741781499904,https://t.co/6dMWAb1tEv
A1519976568415604736_0,1519976568415604736,@shiu_youu ズッ友だよ。。。
A1519980585732567040_0,1519980585732567040,カレーを作る。
A1519982246937378816_0,1519982246937378816,カレー（鍋） https://t.co/rKDZ4ZxUqY
A1519985148401713152_0,1519985148401713152,俺はたねのぶ。GWにどこにも行かず、1人で半額の鍋具材にカレールゥを入れる男。
A1519987232790429696_0,1519987232790429696,@taihou_shiten インド人も驚くよ。
A1519987304374599681_0,1519987304374599681,@Dr4me_games 食べる時が大変そう。
A1519993029960290306_0,1519993029960290306,@yoshioxxx11 みんなで楽しそうに食べてた男！！
A1520001026295988224_0,1520001026295988224,@ReiRaiReiRai 大丈夫、もうTwitchから友達はいなくなるんだ。
A1520001121149804545_0,1520001121149804545,@ReiRaiReiRai ひたすらくるくるして事なきを得た。
A1520018818197729285_0,1520018818197729285,@bebezaemon ビーフは他人の金で食べるものだ！
A1520018866197344256_0,1520018866197344256,@Bikuo_tw カレー味でおいしいです！
A1520031797949607936_0,1520031797949607936,@ribenchi https://t.co/oPJlnMn12E
A1520046818171621376_0,1520046818171621376,Steam Cloudが復活してほしい；；
A1388078078681812999_0,1388078078681812999,ホッケの開きを作る作業をしたが、とても難しかった。
A1388086105912791040_0,1388086105912791040,Twitchの広告を見て配信者を応援したいけど、Omenの広告にはうんざりしている。
A1388089995085426689_0,1388089995085426689,TTSのAPIが欲しい。
A1388091106445955077_0,1388091106445955077,Duolingoでよく登場する田中さんが裁判にかけられているのが面白い。
A1388092412266827777_0,1388092412266827777,Kindleの月替りセールでギリギリにいろいろ買った。
A1388095012085190656_0,1388095012085190656,#サンリオの狂気 https://t.co/AheA0gxnG0
A1388095157900242946_0,1388095157900242946,@PatrickAuri 本田さんの陰謀を感じる。
A1819163530907865163_0,1819163530907865163,昨日9時に布団に入ったので、今日はスッキリ爽快だ！
A1819163693122294163_0,1819163693122294163,@yumemakura00 https://t.co/FZGdDRogNL
A1157109941749968897_0,1157109941749968897,RT @sore_hasou: 自分の事じゃないのに泣いちゃった https://t.co/UYDEBJJUrH
A1819194208642912398_0,1819194208642912398,ローカルLLM環境を検討しているが、API料金を払ったほうが安いかもしれないと感じる。
A1819206476394910184_0,1819206476394910184,毎日家を出るときと帰ったときに5本だけ草をむしる方法が効果的である。
A1157218807284260864_0,1157218807284260864,塾講の同僚に心理学を占いと誤解されて腹が立った。
A1157218807284260864_1,1157218807284260864,教育学を洗脳と呼びたくなる気持ちになった。
A1157225627864276993_0,1157225627864276993,暑くてつらいのでクーラーの効いた部屋に移動したが、そこには涼んでいるだけのおじさんがいた。
A1819313951982997568_0,1819313951982997568,テスターが届いた。通常時は105V、電気ケトル使用時は100Vくらいなので、ゲーミングPCと他の重い機器を同時に使うと電圧降下が起きているかもしれない。
A1819328492057878560_0,1819328492057878560,僕のタイムラインにはスケベな北条時行がたくさん流れてきて、多幸感がある。
A1819336002751942870_0,1819336002751942870,ぷよぐらみんぐ https://t.co/GofajHSs7P
A1157254294099263488_0,1157254294099263488,ここ数年、無の期間が長すぎて、本当に何のために生きているのかわからなくなってきた。
A1819391775137845456_0,1819391775137845456,バックラーズブートキャンプからデータを取得する処理を書いた。
A1819400752068284937_0,1819400752068284937,Twitchアプリが更新され、前のUXが改善されて使いやすくなった。
A1819400752068284937_1,1819400752068284937,フォローリストがrecommend順に表示されるようになり、かなり改善された。
A1819400752068284937_2,1819400752068284937,スワイプ操作には慣れていないが、ザッピング的にチャンネルを切り替えるのはPCでも行うので適している。
A1819401036953800785_0,1819401036953800785,UIが大きく変更されたとき、使いづらいという意見が多く出るが、変更点を整理すると単に慣れていないだけの問題であることが多い。
A1819401036953800785_1,1819401036953800785,UIの変更点をレビューすることが有意義である。
A1819401178402508969_0,1819401178402508969,みんな本当に前のTwitchアプリが最高だと思っているのか？
A1819401844692865416_0,1819401844692865416,前のアプリの最悪な点は、お気に入りのストリーマー（同接10程度）に左のリストからたどり着けず、フォロータブから何度も追加ロードを経てようやく到達できること。
A1819410199750627723_0,1819410199750627723,逃げ若は絶対に見逃せない。
A1025200054330519554_0,1025200054330519554,RT @KSUWABE: ←デフォルメ絵師｜厚塗り絵師→ https://t.co/oUB0iFdrXH
A1025226110068375553_0,1025226110068375553,「野郎ラーメン」が「乳野郎ラーメン」になっていますね。ラーメンを食べにくそうだから手伝いたい。 #akiba
A1025245049045434370_0,1025245049045434370,『トレンドに生きろ』とか言われると、上から目線で命令されているように感じて腹が立つ。
A1025275305177493504_0,1025275305177493504,RT @nyankorooow: 俺のパスポートも入れた？ https://t.co/9zqjJZ1MGY
A1025276381171658753_0,1025276381171658753,RT @foxnumber6: https://t.co/LZCbrIWAZa
A1025281921528393731_0,1025281921528393731,RT @banashi: 山奥ニートバンドの練習風景 https://t.co/vROgjHlWWQ
A1025282008673542145_0,1025282008673542145,定期 理想のシェアハウス https://t.co/6cwHYFNe5B
A1025286075718090752_0,1025286075718090752,ボウルビィの愛着理論は『ゆゆ式』を通じて学ぶことができる。
A1025288338754813953_0,1025288338754813953,RT @Cacophanus: これは現在の私の東京での生活を正確に表しています... https://t.co/1jthwYuQuV
A1025288660764131329_0,1025288660764131329,「何度でも言う」をカウントしてくれるサービスがほしい。
A1025288912216809472_0,1025288912216809472,医者を増やすと質が落ちるという意見があるが、寝ていない名医よりも、寝ている普通の医者に診療されたい。
A1025306856774750209_0,1025306856774750209,また髪の話してる…(´・ω・`)
A1025312076921593856_0,1025312076921593856,今年も来ました。
A1025349376602828800_0,1025349376602828800,美少女になるから、ポジティブなことしかツイートしない。
A893274511096676352_0,893274511096676352,黒ギャルは子供の頃から黒ギャルなのか？
A893274851133108224_0,893274851133108224,あっしは、AI技術が環境に与える影響の軽減に焦点を当てるべきだと思う。
A893274851133108224_1,893274851133108224,あっしは、AIの能力について一般の人々を教育すべきだと考える。
A893274851133108224_2,893274851133108224,あっしは、AIの限界と倫理的配慮について、一般の人々を教育すべきだと感じる。
A893274851133108224_3,893274851133108224,あっしは、AIがエネルギー効率と居住者のウェルビーイングのためにスマートホームやビルを最適化することができると信じている。
A893274851133108224_4,893274851133108224,あっしは、AIがエネルギー網を最適化し、無駄と二酸化炭素排出を削減することができると考える。
A893275546007650304_0,893275546007650304,地上波で様々なコメディを繰り広げる『はじめてのギャル』。
A893275984807444480_0,893275984807444480,ポニーテールが禁止されたらツインテールにする。
A893294197700124672_0,893294197700124672,ポニーテール禁止の発案が教師側から来たのであれば、教師の中にポニーテールに欲情する者がいて、間違いを犯さないように予防したかったのかもしれない。
A893338155243511808_0,893338155243511808,"身体は日高屋を求める (@ 日高屋 四谷三丁目店 in 新宿区, 東京都) https://t.co/0mttNbe3fE"
A893339094897442816_0,893339094897442816,RT @URATAKAO: javascriptの味がする… https://t.co/WAuDUynjDI
A893368210971533312_0,893368210971533312,種田梨沙さんの仕事復帰、本当によかった。
A893368210971533312_1,893368210971533312,種田梨沙さんの仕事復帰のニュース（株式会社大沢事務所）
A893376775677296640_0,893376775677296640,けいおんのむぎちゃんはかわいい。
A893389080599252993_0,893389080599252993,イベント参加ボタンを押すと眠くなるのはなぜだろう。
A893389646637309952_0,893389646637309952,RT @ui_nyan: https://t.co/LaoDk9yFq1
A893417042229022720_0,893417042229022720,着 (@ ギークハウス新宿) https://t.co/U5gDB1o5ti
A893419162126630912_0,893419162126630912,明治政府を許さない季節になってきたな…(祭り囃子を聞きながら)
A893420716787245056_0,893420716787245056,『ラブライブ！サンシャイン！！』は男子の劣情を煽るという意見がある。
A893420716787245056_1,893420716787245056,『ラブライブ！サンシャイン！！に興味を持ったけど、作品もムックも観たことない沼津の人とのよくある問答』のまとめ - Togetterまとめ (7 users) https://t.co/zSBsWiRjxj
A1687439401931198464_0,1687439401931198464,ルークは一切隙がないように見えるので、研究する必要がある。
A1687457987252965376_0,1687457987252965376,@ry_Balrog_ry おめでとうございます！
A1687458700964085760_0,1687458700964085760,僕は立ちはだかるすべての敵を始末するためにVictrixを購入した。
A893469249838080001_0,893469249838080001,ふんばルビィ夏（ぶりぶり
A1687467690901069825_0,1687467690901069825,ストリートファイター6で、初めてこちらがトラブルで動けないときに待ってくれるプレイヤーが現れた。
A1687471070029496320_0,1687471070029496320,ダイアモンドランクまでキャラ対策は不要と言う人もいるが、絶対に必要だと思う。
A893480005799260160_0,893480005799260160,エチオピア人とエチオピアについて話をした。
A893484703361060864_0,893484703361060864,いつも手で潰すので殺虫剤は使わないが、苦手な人でもサーチアンドデストロイを実行できるように配置すべきか。
A893489224535625728_0,893489224535625728,次に海外に行くなら、移動せずに1箇所でゆっくり過ごしたい。カオサンが良いかもしれない。
A1687485141340536833_0,1687485141340536833,ルークが苦手なので、誰かに教えてほしい。
A893495026428239873_0,893495026428239873,ときさば系きちんとした社会適合者達のギークハウスという文脈で語られることが多いが、世間一般から見たらゴミだという話をした。
A893499258313162753_0,893499258313162753,僕がチビデブキモオタ職歴なし無職で30になろうとしているのも夢…？
A893499258313162753_1,893499258313162753,夢と現実の境界があやふや
A893503546745733120_0,893503546745733120,ぱいぱいでかみ / “水田まり（＝水たまり）みたいな氏名って他にある？山口健（＝山口県）と..” (77 users) https://t.co/e7oP4fGMqw
A893504159609102336_0,893504159609102336,メイドインアビスの物語が自分の肛門で展開していると考えると、非常に夢がある。
A893506196472078336_0,893506196472078336,これすこ かわいい陰謀 ポニーキャニオン https://t.co/ZkzdYk6zgR @amazonJPより
A893594251769991168_0,893594251769991168,ニュートリノと反物質の差の確度が95％に達したという研究の進展が報告された。 - 毎日新聞
A1555348885723582464_0,1555348885723582464,風邪かと思ったが、熱は平熱で、コーヒーを飲むと頭痛が消えた。
A761370043187724288_0,761370043187724288,日本の非正規労働市場が生んだ狂気の資本主義モンスター、シンタネノブ。
A1555396969803444225_0,1555396969803444225,@sooomastream コーヒーが許せない！！
A761479183813836801_0,761479183813836801,NianticはポケモンGOのバグを発表し、ポケモンが捕まりにくくなった問題を修正中である。
A1555497688476831745_0,1555497688476831745,からあげクンのほりにし味がとても美味しい。
A761522540497907712_0,761522540497907712,「Github及び周辺SNSを拝見し、ご連絡させて頂きました。」
A761522540497907712_1,761522540497907712,Github本当に見てるなら連絡なんかよこさないはずなんだが？
A761530294386077697_0,761530294386077697,広島平和記念公園での拡張現実ゲームが問題となり、ポケモンGOの世界が焼け野原になった。
A1555533908539686914_0,1555533908539686914,VOSKが全然上手く動かない。
A1555544121426657280_0,1555544121426657280,Voskは16bit出力でないと正確に認識できないのか？
A1555606253447315457_0,1555606253447315457,@ribenchi 一緒にまた遊ぼう🙌
A761694972303200256_0,761694972303200256,海外カンファレンスで日本人がスマホで写真を撮る際の音がうるさいと怒られることがある。
A761694972303200256_1,761694972303200256,日本のスマホはシャッター音が消せないことを知らない人が多い。
A761694972303200256_2,761694972303200256,写真を撮るつもりなら、海外のスマホかカメラを持ってくるべきだと事前に教えるべきである。
A761697229287464961_0,761697229287464961,平和記念式典の際には公園利用が制限されるので、8月6日を理由にポケモンを批判するのは意味不明である。
A761697229287464961_1,761697229287464961,多分、批判している人たちは公園どころか広島にも行ったことがないのだろう。
A761700330295787520_0,761700330295787520,アグレッシブな行為についての懸念。
A761700330295787520_1,761700330295787520,“Pokémon GOの運用についてのアップデート” (246 users) https://t.co/HJ358ps80h
A1423638823762751489_0,1423638823762751489,ランクマッチをプレイしてスーパーの2まで到達した。
A1423638823762751489_1,1423638823762751489,もっと時間が欲しい。
A1423640274887004162_0,1423640274887004162,@masui Yakuza
A1423785718220873730_0,1423785718220873730,#RingFitAdventure #NintendoSwitch https://t.co/hJy20HEEY2
A629444789306421248_0,629444789306421248,クリエイティブ・コモンズ・ライセンス 4.0 日本語版が登場。気になる変更点は？
A629446253990903808_0,629446253990903808,大船渡は日中は暑いが、夜は涼しい。
A629454052774948864_0,629454052774948864,31件のコメント http://t.co/v7iR3Y9M6v
A629454052774948864_1,629454052774948864,【生存戦略】20代のWebデザイナーが身につけるべき15のスキル一覧 - paiza開発日誌 http://t.co/FXcQJocAyt
A629467122498826240_0,629467122498826240,自転車こわ……
A629545147265454081_0,629545147265454081,山でのネット利用は格別である。
A1291629381677277184_0,1291629381677277184,ミント味のアイスを試してみたが、完全に歯磨き粉の味だった。
A629580214272675840_0,629580214272675840,仮設住宅に来た。
A629660537735901184_0,629660537735901184,久々にコンビニにたむろする田舎のヤンキーを見た。
A1821755328314405018_0,1821755328314405018,38度の熱があるけど、体調がかなり楽になった。
A1821773940592980279_0,1821773940592980279,頭痛がしつこい。
A1821777919984742668_0,1821777919984742668,ちゃんと寝れないレベルでズキズキ継続してるのが嫌だ。
A1821788672024277157_0,1821788672024277157,体温が下がったわけではなく、起床直後に低く出るだけのようだ。
A1821793179613716679_0,1821793179613716679,体の動きに連動する頭痛があり、とてもつらい。
A1821793179613716679_1,1821793179613716679,一定時間頭痛がない場合に発生する頭痛があり、とてもつらい。
A1159711995475611648_0,1159711995475611648,大江戸温泉に行ってきたが、温泉に入るまでのプロセスが複雑だった。最初の脱衣所で浴衣に着替え、食事処を通過し、温泉用の脱衣所で脱ぐという手順を知らず、最初の脱衣所で裸になってしまった。
A1821802064147792110_0,1821802064147792110,解熱鎮痛剤を守って服用しているのに、常に39度以上の熱と激しい頭痛が続いている。
A1159736426344226818_0,1159736426344226818,RT @tukushiA: https://t.co/5Qonlb5GXx
A1159739509870714881_0,1159739509870714881,ヌケサクは、ヒグマと出会っても顔を合わせたまま後方に全力疾走できる。
A1159739509870714881_1,1159739509870714881,ヌケサクは吸血鬼なので、ヒグマにも勝てると考えると非常に強い。
A1159741254130814976_0,1159741254130814976,地震の減衰器が建物にどう作用するのかについての情報はこちら: https://t.co/P8yc1Vtj7s
A1159742332075253760_0,1159742332075253760,ショウジョウバエの交尾時間を決定する遺伝子の存在が示唆されている。
A1159742332075253760_1,1159742332075253760,通常、ショウジョウバエは20分の交尾時間をかけて精子を流し込む。
A1159742332075253760_2,1159742332075253760,遺伝子の突然変異により、ショウジョウバエは「あっさりタイプ」と「しつこいタイプ」に分かれる。
A1159761096212828161_0,1159761096212828161,頑張る黒ギャルは美しい。
A1159769019051732993_0,1159769019051732993,なぜ生まれてきたのかという人間らしい悩みを抱えている。
A1159769019051732993_1,1159769019051732993,遺伝子を運ぶ乗り物に過ぎないのに、偉そうにしてはならないと感じる。
A1159771408857088000_0,1159771408857088000,アフリカのチンパンジーの野生観察に勝手についていくオタク。
A1159785301511823361_0,1159785301511823361,M5Stackのことを「えむご」と呼ぶ人がいますが、中国人も「えむうー」と呼ぶので安心してください。
A1159799789002715136_0,1159799789002715136,トカゲがとても可愛い。
A1159900066963808256_0,1159900066963808256,面接で落とした後に「いつでも戻ってきてね」と言うのは、成功者しかできない遊びだ。
A1027723216192647169_0,1027723216192647169,今日の5の2、良い。
A1027731418019840001_0,1027731418019840001,仙台では『ごちうさ』はガラガラだったが、『カメラを止めるな』は満席だった。
A1027738242983051267_0,1027738242983051267,観に来た https://t.co/UlXVsbKux3
A1027768400913805312_0,1027768400913805312,『カメラを止めるな』はとても面白かった。
A1027768400913805312_1,1027768400913805312,知らなかったけど、女優さんが来ていた。 https://t.co/K0g5YtxnNi
A1027914684085592064_0,1027914684085592064,蒸し暑くて下痢が続いたので、東南アジアにいたのかもしれない。
A1027922321984503809_0,1027922321984503809,生徒会に立候補したい。
A895816414786748416_0,895816414786748416,人間の悪いところが出ちゃったかばんちゃん
A895825234602770432_0,895825234602770432,ゲーマーズが全然ゲームをしない問題がある。
A895828805062844416_0,895828805062844416,ヤマサ醤油を見ている。
A895829637305057280_0,895829637305057280,これは、料理好きの住民が使っていた酸化しにくい醤油パックだ！
A895830798099562497_0,895830798099562497,創業以来継ぎ足してきた秘伝のタレがあるのに、うなぎが絶滅したらどうするのだろう。
A895834509681115136_0,895834509681115136,カンブリア宮殿で働いたような気分になった。
A1689827858590642176_0,1689827858590642176,@223196in16bit 大丈夫ですよ！
A895840377772494849_0,895840377772494849,恋愛アニメが多く、定番ジャンルであると感じる。
A895843164321226752_0,895843164321226752,RT @hirausan: https://t.co/U27hzTCv5E
A895846446657748992_0,895846446657748992,19-21時指定で配達していたのに、昼間に一度配達に来ているようだ。
A895846554304512000_0,895846554304512000,送り先がシェアハウスだから、一緒の荷物があったのかもしれない。
A895847058027839488_0,895847058027839488,コミケ会場によくいる悪のフレンズにお気をつけください。
A895847578880757760_0,895847578880757760,ヤドンの日だから、ヤドンの可愛さをまとめました。今日はヤドンが可愛いことを覚えて帰ってください！
A895862310828298240_0,895862310828298240,RT @Ladybeard_Japan: 庭園広場にきました‼️ キャミィのコスプレしています🐻✨✨✨✨ #C92コスプレ #C92 https://t.co/sE0LSO4P5e
A895864190002282496_0,895864190002282496,RT @hy_s: 広告の靴がスパッツでブーツを履いている人の壁尻に見えた。疲れているのかもしれない。 https://t.co/cJcGVuSLWh
A895864296776753152_0,895864296776753152,お腹を冷やすとお腹を壊す。
A895865178276765696_0,895865178276765696,RT @takigyou: https://t.co/TTbCTc8ukt
A895871024226385920_0,895871024226385920,RT @m_qurokawa: にこ先輩 https://t.co/C2LXHfaAjH
A895873229058854912_0,895873229058854912,これは使える https://t.co/aZZUGf7ZmE
A895874697870442497_0,895874697870442497,今日は山の日！絶対に家から出ないぞ。
A895877865715060737_0,895877865715060737,valuやpolcaによって、人間的な価値が浮き彫りにならなかった我々。
A895878466200981504_0,895878466200981504,もうあっちの世界で暮らしたい。女の子にモテまくる紳士向けシューティングゲーム「ぎゃる☆がん」がVRソフトに。
A895885457141055488_0,895885457141055488,しゅかしゅー可愛い事件
A895889758882217985_0,895889758882217985,プリプリ背景に力を入れている。
A895898626429403136_0,895898626429403136,競技性の高いゲームをやる人を入居させるときは、ゲーム部屋を用意するべきである。
A895898626429403136_1,895898626429403136,ゲーム部屋を用意することで、騒音によるトラブルを減らすことができる。
A895901615479111680_0,895901615479111680,ニコニコのプレミアム会員数は、3月から7万人減少し、6月末時点で236万人となった。全盛期の256万人からは20万人減少している。
A895901615479111680_1,895901615479111680,10月の改変で失敗すると、会員数が200万人を切る可能性がある。
A895901615479111680_2,895901615479111680,意外に減っていないのは、休眠プレミアムアカウントが多いからだと思われる。
A895901615479111680_3,895901615479111680,ちなみに、現在の会員数は2014年9月時点の会員数と同じである。
A895903623628038144_0,895903623628038144,ニコ動のプレミアム会員数が減少したのは、Netflix、Amazon、Abemaなどのストリーミングサービスにユーザーが流れたためだと思われる。
A895909035735629824_0,895909035735629824,@y100pan ありがとうございます。いただいたお金は大切に使います。
A895909360009793538_0,895909360009793538,初支援で目標金額を達成しました。5000兆円を目指してまだまだ受け付けています！ #polca
A895909609948315648_0,895909609948315648,polcaは現在、ユーザーフォローやDM送信ができないが、今後これらの機能が実装されるのだろうか。
A1689923250565132288_0,1689923250565132288,ガチャを回すといつも格上のキャラクターが出る気がする。(利用可能性ヒューリスティック)
A895931905178165248_0,895931905178165248,Netflixでアメリカの国策映画を見ている。1940年に皇紀2600年を真面目に祝っていて面白い。
A895933462724702210_0,895933462724702210,HAKKO ICHIUという教義を国家に組み込んだことについての批判。
A895933795307708416_0,895933795307708416,インターネットのない時代は暗黒時代のようだ。
A895938085904568321_0,895938085904568321,国策映画で見える狂気じみた日本人は、今も大して変わっていない。
A895938411864834048_0,895938411864834048,思想警察が来た！
A895942835228127232_0,895942835228127232,家内工業が実はメインという点で、民間人への空爆を正当化する意図が感じられる。
A895945708057931777_0,895945708057931777,日本の国策映画は稚拙な印象がある。
A895945708057931777_1,895945708057931777,アメリカの国策映画はしっかりしている。
A895949081599541250_0,895949081599541250,帝人を追い出した米沢織のお店は今や全く残っておらず、帝人は日本有数の大企業になった。皮肉な話である。
A895949104118808577_0,895949104118808577,米沢市はもともと「米沢織」という織物業が盛んな土地で、化学繊維企業の帝人は競争相手として米沢から追い出された。
A895949220342976512_0,895949220342976512,地方の残念エピソードが面白いので、どこかでまとめたい。
A895952063498117120_0,895952063498117120,日本人は西洋から多くのものを取り入れるが、常に上から下への流れであり、欧米のように下から上に波及することがない。この違いが日本の独特な文化や問題の源泉になっていると感じる。
A896034816541343746_0,896034816541343746,サークルクラッシュの話をしていた。
A896034816541343746_1,896034816541343746,千葉遠征のLTをしていた。
A896034816541343746_2,896034816541343746,コミケのコスプレ写真を漁っていた。
A896041205791825920_0,896041205791825920,1年ごとに100人ずつ人口が減る村は興味深い。
A896042648426786817_0,896042648426786817,廃校が多く余っているので、一つ引き受けて強力な生徒会ごっこをやりたい。
A1557909368448090112_0,1557909368448090112,@kurybon_jin824 コロッケ！！
A764040767115366400_0,764040767115366400,フランスのテレビ解説者が体操日本女子を「ピカチュウみたい」と表現し、批判を受けて「人種差別ではない」と釈明した。
A764052399572946944_0,764052399572946944,Prime Videoでポケモンを見ていると、早朝にポケモンを見るために毎日早起きしていた頃を思い出す。
A764052399572946944_1,764052399572946944,19年後、サトシは依然としてポケモンマスターになれず、僕は東京の路上で寝泊まりしている。泣ける。
A1558056545761755141_0,1558056545761755141,@kou19960409 見逃した〜〜〜！がんばれ〜！
A1558067067319771136_0,1558067067319771136,Pogostuck Map3感動の最終回 part 2: https://t.co/GofajI9v9P
A1558133267609427969_0,1558133267609427969,ここ数日Map3に挑戦中！べるか先生 @BeLka_jp が優しく見守ってくれています。
A1425982316795502595_0,1425982316795502595,#RingFitAdventure #NintendoSwitch https://t.co/nZ0Vv5yLVr
A1426008441382871045_0,1426008441382871045,人間の役に立つために生きるだけが人間ではないと思う。
A1426032276949798919_0,1426032276949798919,岩波がこのタイミングで『ちゃんとした心理学を学ぼう』と書籍を紹介するのは面白い。
A1426120523902193664_0,1426120523902193664,蚊に刺されて非常にイライラしている。
A1426120863074512899_0,1426120863074512899,全員始末できたかな。
A1426122201380446210_0,1426122201380446210,もう1匹いるわ…
A1426198135643074567_0,1426198135643074567,今日はエキスパート4。マスターに上がれなかった。
A1426198135643074567_1,1426198135643074567,お盆も休みなしなので、明日の夜に頑張りたい。
A1426198802726199301_0,1426198802726199301,配信しないと無口で、配信をすると汚い言葉が出るのは、本来逆ではないか。
A1426199437236269058_0,1426199437236269058,カイリキーの投げ技はblinkも吸い込むので、早めに対処する必要がある。
A1426199939399311361_0,1426199939399311361,サンダーファイト前にサレンダーする人のモチベーションが理解できない。
A1426199939399311361_1,1426199939399311361,このゲームは最後の問題で1兆点が出るクイズ番組で、lolのようにだらだら続かず、きっちり10分で終わるからだ。
A1426200410914627585_0,1426200410914627585,エースバーンは、優勢劣勢に関わらず、最終盤にピークを迎え、全員を倒してサンダーを取って勝つことができる。
A1426200410914627585_1,1426200410914627585,ポケモンユナイトの知識はまだ少ないが、LoLのADC経験で勝てる。
A1426201156515078147_0,1426201156515078147,中央に向かう途中で上下のゴールが壊れていないことに気づかずミスをした。前に味方が同じミスをして腹が立ったが、自分も同じことをしてしまった。
A1426201156515078147_1,1426201156515078147,取得後に殺されない最短ルートを計算しつつ、上下どちらかのゴールが壊れるだろうという予測が外れるとミスが起こる。やはりマップをしっかり確認する必要がある。特に時間ギリギリのときは注意が必要だ。
A1426201393824632837_0,1426201393824632837,明日ログインでようやくゲッコウガを手に入れる。ナーフが入る前に使ってみたい。
A1426201502117371909_0,1426201502117371909,ゲッコウガは非常に強力で、味方にいないだけで不利になるレベルである。
A1426202609203912708_0,1426202609203912708,マスターに到達できるかと思ったけど、マスターに行かないとこのゲームは地獄だ。
A1426204958425157633_0,1426204958425157633,現在のメタでは、ゲッコウガにジャングルを任せるのが最適である。
A1426204958425157633_1,1426204958425157633,レーンエスバは序盤にスティールを狙い、レベルを先行させる必要がある。
A632024525828308992_0,632024525828308992,クソみたいな署名をいかにして排除するかが鍵だと思う。
A632101513138036736_0,632101513138036736,調子が悪い。
A1824282965960167709_0,1824282965960167709,お盆の大半を使ってドラゴンボール超を見終えた。😭
A1824296389775327282_0,1824296389775327282,電気工事士試験に合格しました！やったー！😄
A1824296391738290281_0,1824296391738290281,電気工事士試験に合格しました！やったー！😄
A1824300571706491383_0,1824300571706491383,@M_ocoC 次は狩猟免許だ！
A1824300631705944109_0,1824300631705944109,@sanbongazin やったぜ！
A1824300648541917635_0,1824300648541917635,@ku3uyo いえーい！！
A1162265229645926400_0,1162265229645926400,怠け行動を研究して、自分の言い訳を見つけたい。
A1162267934355365889_0,1162267934355365889,影響力のある科学者のフォロワー数が少ないことに驚く。
A1162292213344165890_0,1162292213344165890,義憤は進化の産物である。
A1824384066747240846_0,1824384066747240846,@Lasuuto_DB_Z 🫡
A1824384113761194000_0,1824384113761194000,@with_naricoman ありがとう〜！
A1824410050791977131_0,1824410050791977131,@Lasuuto_DB_Z なんか受かってた😀
A1162335933724647426_0,1162335933724647426,高校生物をやり直すなら、検定教科書を見てみるのが良いかもしれない。
A1162335933724647426_1,1162335933724647426,それなら高校に入学するのが良いのではないか。
A1030261659946770432_0,1030261659946770432,RT @todesking: いい話 https://t.co/17bKOxGpzv
A1030269367815229441_0,1030269367815229441,"回収しに来た (at @Apple Sendai Ichibancho in 仙台市, 宮城県)"
A1030274925674868736_0,1030274925674868736,"抗えない (@ 餃子の王将 in 仙台市, 宮城県) https://t.co/FXZxRW9bAc"
A1030279539698544640_0,1030279539698544640,修理に出したMacを回収しに行った際、Apple Storeの店員が「学生さんで毎日授業で使ってるとかですか？」と世間話をしてきた。
A1030279539698544640_1,1030279539698544640,「いえ、無職です」と他の客の前で答えることになり、申し訳ない気持ちになった。
A1030283421287895040_0,1030283421287895040,"スクフェスACはとても難しい (@ 仙台レジャーランド 一番町店 - @sendai111 in 仙台市, 宮城県) https://t.co/pWk8aK3v6W"
A1030291742355083264_0,1030291742355083264,"とうとうパンツを買った (at @montbellJp in 仙台市, 宮城県) https://t.co/3y9cqU0nJ4"
A1030314919038615552_0,1030314919038615552,"本を読んでいる (@光禅台公園 in 仙台市, 宮城県) https://t.co/CHEUhVTUUR"
A1030315479804469248_0,1030315479804469248,「とりあえず3年」という表現は世鏡抄が起源なのか？
A1030316965510828032_0,1030316965510828032,キュアアンジュの衣装を試着しました。娘が『ママ、アンジュの服かわいく作れてすごいなぁ、うれしい！』と言ってくれました。長いこと待たせてごめんね。ついに池袋フレフレワールド来週参戦！楽しみです。
A1030325081048633344_0,1030325081048633344,一揆の原理を読んだ。
A1030329505036943360_0,1030329505036943360,河合隼雄の著作を読む。
A1030336987922755584_0,1030336987922755584,広島修道大学の学生の皆さん、暗黒卿の集中講義楽しみですね!
A1030337078305808385_0,1030337078305808385,現役生はずるい！
A1030343936068530177_0,1030343936068530177,"臭いオタクしてます (at @animateSendai in 仙台市, 宮城県)"
A1030363768881012741_0,1030363768881012741,https://t.co/dihAhqVgSx
A1030395583373107201_0,1030395583373107201,RT @kouki_izumi: しかるねこ、しかるねこ（CV:上坂すみれ）になった途端あんだけ馬鹿にしてたヲタクが手のひら返しで「しかるねこ？ かわいいよね。前から好きだった」みたいな顔して普通にRTしまくってるので、小池百合子（CV:池澤春菜）や森喜朗（CV:田村ゆかり）と…
A1030409331559165954_0,1030409331559165954,河合隼雄が「愛し合ってる2人が結ばれれば幸福になれるという危険思想にだけは陥るなよ」と言っていて好感が持てる。
A1030463604657545216_0,1030463604657545216,@cloneko おめでとうございます！
A1030463650371235846_0,1030463650371235846,RT @yuruhuwa_kdenpa: ツイのオタクじゃん #となりのトトロ https://t.co/uSd9msRbK2
A1030465326943629312_0,1030465326943629312,寒すぎ注意報
A1030493188182560770_0,1030493188182560770,クマ動画よりも、道路で人間が揉める動画の方がドキドキするかもしれない。
A1030493278813081602_0,1030493278813081602,RT @brothertoki: シャンプーかきました 例のチャイナ水着 https://t.co/LfRxGOmmGu
A898347491518697472_0,898347491518697472,"休憩中。都内で筋肉が悲鳴をあげていた。 (@ ファミリーマート 越谷南荻島北店 - @famima_now in Koshigaya, Saitama) https://t.co/ubO55Tx4qA"
A898360226814013442_0,898360226814013442,道の駅にたまらず駆け込んだ。
A898362188615737344_0,898362188615737344,断固として動きたくない。
A898363858938601472_0,898363858938601472,日が差していたら都内で死んでいたかもしれない。
A898393984405446656_0,898393984405446656,"何キロかぶりにコンビニがあった (@ セブンイレブン 古河北利根工業団地店 in 古河市, 茨城県)"
A898409842695471108_0,898409842695471108,@sakamata はい、しんどい。
A898410794626367490_0,898410794626367490,神社の駐車場で怒られるまで横になる。
A898411296902660097_0,898411296902660097,@sakamata 今70キロ地点で横になっていますが、晴れていたら危険でしたね。
A898413216794951681_0,898413216794951681,@takuzirra 今回はつくばを通らず、宇都宮方面に行きます。
A898426132017463301_0,898426132017463301,"本日の風呂 (@ みつば 湯楽院 in 小山市, 栃木県) https://t.co/SFrABfcA2c"
A898442539614715905_0,898442539614715905,風呂ではサウナ後に掛水しない人が多く、民度が低いと感じた。
A898442539614715905_1,898442539614715905,二階にリクライニングチェア、座敷、漫画があり、かなり良い。
A898445410724749312_0,898445410724749312,1日50キロ前後の運動をして、早い時間からスーパー銭湯を楽しみたい。
A898448603437387777_0,898448603437387777,長距離ランニングで、腰や腕、足が痛い。
A898450259646349312_0,898450259646349312,輪行袋はあるが、荷物が多いため輪行しても大変なので、ゆっくり向かうしかない。
A898450799285518336_0,898450799285518336,人口が増加し続けている小山市についての情報はこちら: 小山市 - Wikipedia https://t.co/QhrzNP0JAF
A898455145217900549_0,898455145217900549,国道4号線は側道があり走りやすいが、田んぼばかりで飽きる。
A898458799182237696_0,898458799182237696,RT @Hadou_DX: ほたこま付き合ってる時空のほたるんの好みを知り尽くしてるこまちゃん先輩 https://t.co/iy2co96Iiz
A898459232613277696_0,898459232613277696,支援をお願いします。種延がお風呂に入れます。お金ください。 #polca
A1692451591927087327_0,1692451591927087327,寝間着のまま会社に行ったら、そろそろドレスコードを導入するかという話になった。😇
A898460729958727680_0,898460729958727680,運動していない引きこもりは、初めてのロングラン前日に過度な自慰行為を避けるべきである。
A898460964193845248_0,898460964193845248,男湯におばちゃんスタッフがいるのはいいけど、笑わないでほしい。😭
A898461264908738560_0,898461264908738560,ドキュメンタルの春日のカレーライスやうな重を射出するシーン、俺もできる自信がある。
A898463020178735104_0,898463020178735104,夜までスーパー銭湯でリラックスする予定です。
A898463020178735104_1,898463020178735104,自転車が盗まれるかもしれないけど、その場合は電車で大船渡に直行するのもありかなと思っています。
A898463323288555520_0,898463323288555520,シェアハウスでは器物損壊、家宅捜索、家賃不払い、住民トラブル、警察や救急の呼び出し、乱交、戦闘、不法投棄、自殺などが発生することがある。
A898463812394770432_0,898463812394770432,異常者はマナーに気配りするのが難しいため、ルール化すべきである。
A898464700173664256_0,898464700173664256,心理学を学んでいる人は、シェアハウスに住むことで間近で観察できるので良い。
A898465777967276032_0,898465777967276032,明文化されたルールを守ることで安心が担保されるべきである。
A898466149649727488_0,898466149649727488,更新していないサイトをHTTPS化するのは無意味である。
A898468295589810176_0,898468295589810176,腕よりもケツが重篤である。
A898470787262304261_0,898470787262304261,鼻毛が気になる。
A898475396554829824_0,898475396554829824,味噌汁をこぼした。
A898480635588694016_0,898480635588694016,若い活力を持て余した15人ほどの少年たち
A898480635588694016_1,898480635588694016,ロバを獣姦した少年たち、次々と狂犬病に | ニコニコニュース (20 users) https://t.co/8x2UQfMaV4
A898496526896332802_0,898496526896332802,お金持ちになったらスーパー銭湯で暮らしたい。
A1692489150761779336_0,1692489150761779336,お祝いが届くと頑張る気持ちが湧いてきます！ありがとうございます。個別にお礼を送ります。
A1692508632091631698_0,1692508632091631698,トイレにいた幼虫はガの幼虫かもしれない。
A898553906707406853_0,898553906707406853,"郊外のコインランドリーで良心を感じる (@ マンマチャオ結城店 in 結城市, 茨城県) https://t.co/4eWqnzmawM"
A898557562307485696_0,898557562307485696,チャリ旅はしんどいと思っていたが、全然知らない街にいるのは面白い。
A898558376497430532_0,898558376497430532,福山で聞いた500円でやらせてくれるワンコインババアは、駅での寸借詐欺とナンパ待ちビッチが融合して誕生した怪異と推測される。
A898558764847988736_0,898558764847988736,どこでも寝れると思ったが、藪が近いと蛇が怖いので街中の公園に限る。
A898565232108457985_0,898565232108457985,"寝る。雨が強くなってきた。 (@ けやき(南部中央)公園 in 結城市, 茨城県) https://t.co/Aq8bT7T1lm"
A898568652538093570_0,898568652538093570,蚊がつらいが、テントを張りたくない。
A898633823763681280_0,898633823763681280,蚊だけならそのうち寝れるが、雷雨で目と耳が刺激され、皮膚もいじめられると人は寝れないという学び。
A898656409855840256_0,898656409855840256,"雨が降っているので待機中 (@ マクドナルド 50号結城バイパス店 - @mcdonaldsjapan in 結城市, 茨城県) https://t.co/HtVLb8iRzI"
A898667258045583360_0,898667258045583360,「よっこいしょういち」「そうはいかんざき」「しまったしまった島倉千代子」が口癖の女の子
A898668204410548225_0,898668204410548225,300m先の個室ビデオ店をスルーできるかが、今日の行程の全てを決する。
A898669431953526785_0,898669431953526785,びっちょびちょで出発 https://t.co/IVOn31Ux0g https://t.co/yhFzK1CsdT
A898681727853264896_0,898681727853264896,強い雨雲が進行方向と一致している。
A898682695999381504_0,898682695999381504,滝のような雨に打たれている無職に500円ください。 #polca
A898683270258348033_0,898683270258348033,まさかの個室ビデオ店が正解だったとは驚きだ。
A898684512699207680_0,898684512699207680,ツインテール美少女の気分でコーヒーをドリップする装備はあるが、雨で湿気が多くてコーヒーを買えない。
A898685393167458304_0,898685393167458304,下野市（しもつけし）という名前がエッチに聞こえる。
A898688028788506624_0,898688028788506624,ガイド本では夕張が紹介されておらず、ネット上でしか情報が得られない。
A898688028788506624_1,898688028788506624,夕張の観光地は廃止や休館が多く、空き屋と廃墟が目立つ。
A898690008269205506_0,898690008269205506,雨雲レーダーを信じて9時にスタートするのが良いかもしれない。
A898690534805393408_0,898690534805393408,polcaは、意識高い乞食という批判を受けることがある。
A766426112213725184_0,766426112213725184,「コミュニケーション能力」という言葉は、グローバルな異文化理解能力と日本特有の空気を読む能力の両方を求めている。
A766426890038939652_0,766426890038939652,レスリングの吉田さんが取材料でマスコミのヘイトを集めているため、粘着され続ける可能性がある。
A766428770123165696_0,766428770123165696,JR北海道は石勝線夕張支線を2019年春にも廃止する予定である。
A766445891045593089_0,766445891045593089,ついに俺のポケモンが終わったぞ…。国内限定142種図鑑コンプリートしました。 #ポケモンGo
A766448655976968193_0,766448655976968193,死者は決して蘇らないという戒め。
A766448655976968193_1,766448655976968193,プログラマ必見！死にかけたサービスを劇的に蘇らせて日本一にする方法（0円グロースハック） - Qiita (519 users) https://t.co/V5PXjWhzeP
A766527413262045185_0,766527413262045185,コンビニのイートインに大きな蜂がいて、回転率が上がりそう。
A766529749522931712_0,766529749522931712,消費の停滞を懸念するなら、若者世代ではなくお金を持っている世代からどうやって回収するかを考えるべきだと思う。
A1560522481097908225_0,1560522481097908225,#きょったん寿司食ったか https://t.co/Bmfy86gpuH
A1560558067741528064_0,1560558067741528064,お父様のご快復をお祈りしています。
A1560558139074019329_0,1560558139074019329,@abrikosyyukari あつい！！！
A1560562933515825157_0,1560562933515825157,@KYOKA_S 中身はマグロか何かでした。
A766571493522223104_0,766571493522223104,Twitterサービス終了と聞いて
A766571493522223104_1,766571493522223104,Twitterが低品質なツイートを通知タイムラインから排除する「クオリティフィルター」を追加した。
A766583587650928640_0,766583587650928640,Drumiの発売が2017年夏に延期された。 https://t.co/he76KvCjly
A766586803356786688_0,766586803356786688,【ポケモンGoの進捗】国内図鑑142種類コンプリートした - razokulover publog (133 users) https://t.co/kTjVkWrSGl
A1560581232001290240_0,1560581232001290240,単位取れてたー
A766589518971404288_0,766589518971404288,貧困層同士が争っているのを高所得層が見物しているのは風情がある。
A766589518971404288_1,766589518971404288,NHKが貧困報道で捏造をしたという件がよくわからない。
A1560585813720649730_0,1560585813720649730,大学の科目登録をしてからPogo
A1560657577137958917_0,1560657577137958917,今日は初めてギロチンと対面しました！さすがに死なないですよね！！！ https://t.co/oaEQuI9XWd
A1560658049555042304_0,1560658049555042304,らんらんさん @ranpigJP、レイドありがとうございました！
A1560658049555042304_1,1560658049555042304,「な～んてこった」が好きでよく真似しちゃってごめんなさい🤣
A1560658049555042304_2,1560658049555042304,Map3の4分切りチャレンジが3分30秒台で凄まじい進捗でした！ポゴレジェまったなし！！
A1560658049555042304_3,1560658049555042304,https://t.co/hicGP6EwxH
A1560658617627381760_0,1560658617627381760,わんちゃん @one_leaf623 レイドありがとう！今日はキーケース作りを頑張ってたみたいですね。疲れた手をPogoで癒しましょう。オンラインショップもチェックしてね！
A1560659291735879680_0,1560659291735879680,今日はあっちょさん @atcho999 に初めてレイドさせていただきました！
A1560659291735879680_1,1560659291735879680,Map1最終回配信中で、緑や紫の怖い人達に混じって応援しました。
A1560659291735879680_2,1560659291735879680,牙突破ガンバです！
A1560659972207153153_0,1560659972207153153,おいでよMap2 https://t.co/pfRj2nmaIn
A766769189147160576_0,766769189147160576,酒は飲まなくなった。
A766769189147160576_1,766769189147160576,酒を飲むようになった - phaの日記 (61 users) https://t.co/wsTAnuf0y9
A1428635049897857026_0,1428635049897857026,つるはしで採掘労働していたら壊れて、まるでマインクラフトのようだった。
A1428698391773515781_0,1428698391773515781,レーンも集団戦もすべて弱い。
A1428698391773515781_1,1428698391773515781,trollが2試合に1回湧くようになったので、文句なしに魔境だ。
A1428720734537322503_0,1428720734537322503,怒りのパワーで絶対に殺すマンになった。
A1428720734537322503_1,1428720734537322503,レベル優位を取ったときのニトロチャージが強力だ。
A634534991750426624_0,634534991750426624,クリエイティブ業務に関わる皆さまへ、有料写真の無断使用は著作権侵害となり、勝訴事例があります。
A634535941336637441_0,634535941336637441,被告が弁護士事務所であることに驚いた。
A634567425237741568_0,634567425237741568,この人の言っている深くはまりすぎることは、オタク気質とは別のものだと思う。
A634572140516274176_0,634572140516274176,産廃女子のコンテンツ力が高い。
A634575074956152832_0,634575074956152832,@sanpaijyoshi 転職する前にフリーで色々試してみてほしい。面白そう。
A634576095359053824_0,634576095359053824,@sanpaijyoshi 僕もWeb目指して上京しましたが、色々な場所に顔を出していたら仕事が次々と舞い込んできて、就職する必要がないと感じました。失業保険期間中は色々と遊び回るのが良いと思います。
A634576095359053824_1,634576095359053824,産廃女子というストーリーがとても面白いので、ウケそうです。
A634628680786907136_0,634628680786907136,男女で正礼装に差があると感じる。
A634670469023559680_0,634670469023559680,ブラックサンダーは美味しい。
A634674410633359360_0,634674410633359360,深夜に家にいられない事情を持つ子供は珍しくない。母親が知らない男を家に連れ込む場合や、アルコール依存症の父親に殴られるから避難している子供もいる。家出しなければ家族や地域社会の誰かにレイプされ続ける危険にさらされている子供もいる。
A634674782328328192_0,634674782328328192,これはすごい！ダイソーの「ピローまくら」で作った「おっぱい」が優秀すぎる。
A634681435614412800_0,634681435614412800,藁草履を作りたい。
A634682053250801664_0,634682053250801664,都内近郊で藁草履を教えてくれる場所や人を探しています。
A634682182741569536_0,634682182741569536,小学校のときに作ったことがあるが、忘れてしまった。
A634701957752487938_0,634701957752487938,MarkdownでEvernoteを書くことができるツール“Marxico”についてのコメント。VimやEmacsのキーバインドも設定可能。
A634717024975884289_0,634717024975884289,地震
A634743132605689856_0,634743132605689856,『おもひでぽろぽろ』を見る。
A634774381298884608_0,634774381298884608,『おもひでぽろぽろ』は、大人になってから見ると想像以上に面白い。凄まじい映画だ。
A1164695427578359808_0,1164695427578359808,ポパーは実際に人から批判されると非常に怒ったという話が好き。
A1164695876935155712_0,1164695876935155712,RT @bRylle_x: #threesome 😬😳🤔 https://t.co/pVLcdzyv5H
A1164713261738029056_0,1164713261738029056,花粉症は自己責任である。
A1164713487752257536_0,1164713487752257536,N国が次に「杉の木をぶっ壊す！」と言い出したら支持を得そう。
A1164727907484180480_0,1164727907484180480,この人はアルペンスキーで背骨を骨折したが、健康保険や医療保険を使わずに全額自分で支払ったらしい。
A1164730445902176258_0,1164730445902176258,@YMaty3232 疾病の発生メカニズムは非常に複雑で、個人の責任の有無で適用を切り分けるのは難しいです。皆保険をやめるという選択肢も考えられますが。
A1164732431670239232_0,1164732431670239232,@YMaty3232 IoTが因子特定にどのように役立つのか教えてください。
A1164732431670239232_1,1164732431670239232,5Gでどのような検査が実現するのか教えてください。
A1164736197660250113_0,1164736197660250113,Googleの画像検索のアニメーションオプションが、海外と同じくGIFになっている。
A1164737107228647424_0,1164737107228647424,暴飲暴食がガンの原因になると考える人もいる。
A1164737997062848512_0,1164737997062848512,廃校寸前の女子校を救うために少女たちがtwerk部を作り、全国大会で優勝するまでを描いた感動のアニメが見たい。
A1164739644161789952_0,1164739644161789952,@YMaty3232 通信速度とレイテンシの改善が疾患のメカニズムとどう結びつくのか説明してほしいです。
A1164739644161789952_1,1164739644161789952,技術革新が起きてなんとかなるという意見の補強として、バズワードを並べただけだと理解しています。
A1164741059772997632_0,1164741059772997632,コンサル選手権があれば高得点を狙える完成された文章が好き。
A1164760835622727680_0,1164760835622727680,スペースダンディのQTのようなロボットを早く人類に実現してほしい。
A1164765641250725888_0,1164765641250725888,魚焼きグリルはすべてを解決してくれる。
A1164794741227057152_0,1164794741227057152,明日はきっとトゥモローじゃんよ…
A1164821970447290368_0,1164821970447290368,Damasioのソマティックマーカー仮説について、しっかりと勉強しておきたい。
A1164823205665574913_0,1164823205665574913,AWSの東京リージョンがアマゾン大火災と関係があるのか疑問だ。
A1164823624924069888_0,1164823624924069888,早くNetflixにも参加して、全世界から受信料を取るべきだ。
A1826940669333733582_0,1826940669333733582,MaBeeeにはLinux SDKがないのか。
A1826941925360029752_0,1826941925360029752,電池容量に差があると液漏れしやすいので、スペーサーを後で買う。
A1826950697482662012_0,1826950697482662012,Mケン 1700まで https://t.co/GofajHSs7P
A1826971537309598009_0,1826971537309598009,1700きたので寝る！
A1826984932046200879_0,1826984932046200879,ランクマッチでまだケンと一度も対戦していない。
A1826989012311244837_0,1826989012311244837,Act5はどれくらいの期間で1800に到達できるか。
A1032822212418387968_0,1032822212418387968,藤田まことみたいな顔してる。
A1032831036151873536_0,1032831036151873536,肌の色に基づく差別は許されるべきではない。
A1032831505121206272_0,1032831505121206272,帰ろう、僕たちの木組みの街へ…
A1032835651878629376_0,1032835651878629376,最近で一番のツボ。アルティメット鹿児島弁アニキ。
A1032839462034653184_0,1032839462034653184,しかるよう
A1032840077288726529_0,1032840077288726529,わたモテのgifアニメを作りました。今回は少し長めのループです。
A1032840077288726529_1,1032840077288726529,喪120:モテないし打ち上げるから、うっちーが焼肉を手際よく味付けしてもこっちの皿に移すシーンです。
A1032840077288726529_2,1032840077288726529,なぜかもこっちが何か食べているシチュエーションを選んでしまいました。
A1032843616811606017_0,1032843616811606017,俺もうダメだ。平成最後の夏。
A1032849173425451008_0,1032849173425451008,この瞬間、唯ちゃんの意味ネットワークで特定のノードが活性化している。
A1032850962249969664_0,1032850962249969664,東北方言の消失は、マス・コミュニケーションによる標準語化の影響である。
A1032850962249969664_1,1032850962249969664,ヤマト王権の文化侵攻が現在進行中であり、もうすぐ完了しつつあると感じる。
A1032872419386568704_0,1032872419386568704,自分で稼いだお金を1000万円寄付しただけなのに、セレブ気取りの迷走と書かれている。
A1032872419386568704_1,1032872419386568704,株式会社産経デジタルはこれを迷走と見なしているが、私はお金持ちは寄付したほうがよいと思う。
A1032879347852435456_0,1032879347852435456,善子ちゃんはちかのだもん
A1032882157000175616_0,1032882157000175616,メイドインアビスは美しく恐ろしい物語である。
A1032882586933022720_0,1032882586933022720,行動経済学と心理学が同じ問題を扱っても、個人の話をするのは心理学だけである。
A1032882586933022720_1,1032882586933022720,現在、心理学者も個人の話をしないため、行動経済学と心理学は同じになってしまっている。
A1032899418725339137_0,1032899418725339137,https://t.co/xREzZH4BSo
A1032942341819002880_0,1032942341819002880,ジョセフのハーミットパープルは、人の考えも念写できるので実は非常に強力である。
A1032951374055534592_0,1032951374055534592,編集者はヒロインの描写にこだわり、エロくなり過ぎないように調整してくれる。
A1032951374055534592_1,1032951374055534592,ヒロインの心理描写について、編集者は親のように深く考え込む。
A1032958653861527554_0,1032958653861527554,田沢湖で帳尻合わせるのはやめてほしい。
A1032979054100545537_0,1032979054100545537,首都大学東京が東京都立大学に改名した。
A1032979054100545537_1,1032979054100545537,京都府立大学が古都大学京都に改名するチャンスかもしれない。
A1032996433241067520_0,1032996433241067520,来月からリボ払いの借金地獄に突入しそう。
A1032997030044393472_0,1032997030044393472,子ども食堂で「無料」を「10円」に変更しただけで、多くの人が来るようになった。みんな真面目に「10円」を払おうとする。無料は「気持ち悪い」と感じる人が多い。10円でも「払う」ことに意味がある。
A1032998532649644034_0,1032998532649644034,現役中学生アイドルから見ると、女性、男性、そして「おじさん」という第3の性別があることが分かりますね。
A1033000437278863361_0,1033000437278863361,発達障害の特性よりも、周囲からのネガティブな対応が生き辛さの主な原因である。
A1033000918294261760_0,1033000918294261760,テレビ局の企画で東大を目指すなら、食住が確保されるならやりたい。
A1033004949733433345_0,1033004949733433345,日本でも未確認の部族が見つかる可能性はあるのだろうか。例えばサンカのような。
A1033010186175295488_0,1033010186175295488,RT @SHIBUYAMELTD0WN: #SHIBUYAMELTDOWN https://t.co/eT9czNuNLs
A1033045727998427136_0,1033045727998427136,https://t.co/YKWCYzIWMH
A1033127056458964992_0,1033127056458964992,RT @shin03_go: Twitterに無能な人ってどのぐらいいるんだろう🤔🤔
A1033127056458964992_1,1033127056458964992,｢私、無能だよ！」って人だけRTお願いします🙌🙌
A1033134999459876864_0,1033134999459876864,ルールを破る人は社会的パワーを持っているように見られるという研究がある。他人の缶からコーヒーを取ったり、タバコの灰を床に落としたりするだけで効果がある。
A1033139472991305729_0,1033139472991305729,Amazonで心理学雑誌を検索するとananが一番上に来るのは問題だ。
A1033141296116813824_0,1033141296116813824,校則に女生徒がふんどしを着用することについての議論が必要である。
A900895920862179328_0,900895920862179328,"山越え前の休憩 (@ セブンイレブン 登米東和町米谷店 - @711sej in 登米市, 宮城県)"
A900896717767188480_0,900896717767188480,地方観光課および地域おこしの関係者は、ぐだぐだ言う前にGoogleローカルガイド活動を行うべきである。
A900897143753383936_0,900897143753383936,住めばいいところが見えてくるのではなく、ふと立ち寄った人でもリーチできるようにGoogleマップで完結させましょう。
A900898677719392257_0,900898677719392257,RT @ayamy_garubinu: レムのハート♡ https://t.co/KFzmTyFLjN
A900922681717075974_0,900922681717075974,"全然山越えではなかったけど、それなりにしんどかった。 (@ ファミリーマート 本吉はしもと店 in 気仙沼市, 宮城県)"
A1694918895549944203_0,1694918895549944203,これは税金納めろSPに出た種延 https://t.co/o39gkMfuBV
A1694919102337622523_0,1694919102337622523,@Dr4me_games ハウスルール：家の中はすり足で歩くこと。
A900933933499637760_0,900933933499637760,海だー！！やったー！！
A900945117225172992_0,900945117225172992,"本日の風呂。疲れた (@ 気仙沼 ほっこり湯 in 気仙沼市, 宮城県) https://t.co/QgCUF9X2EN"
A900961075339812866_0,900961075339812866,今日は東京を出てから初めてのほぼ快晴だった。
A900961075339812866_1,900961075339812866,出発が遅く、いつもより距離が長かったため、一番暑い時間帯にフィニッシュして疲れ果てた。
A900961075339812866_2,900961075339812866,レムのおっぱいでハートを作るやつを見ていなかったら、死んでいたかもしれない。
A900961930529038337_0,900961930529038337,RT @narisaki1: がんちゃんほんと危ないからそこだけはやめてよぉ、、 #猫 #黒猫 #黒猫あるある https://t.co/6wS4Zh9PMN
A900962176742981635_0,900962176742981635,ラブプラス新プロジェクトが始まります！
A900965951536939009_0,900965951536939009,VALUに適当に登録して放置していたら、勝手に値上がりや値下がりが発生し、買った人から「値下がりに対して対策を取れ」と言われて困った。
A900968661573279745_0,900968661573279745,三陸海岸は起伏が多くて大変だ。
A900970384392044546_0,900970384392044546,ストレートハンドルだと手のひらが痛くなるので、ロードバイクが必要だ。
A900972060653924354_0,900972060653924354,台風14号「パカー」が発生した。
A900973316877320192_0,900973316877320192,明日ギークハウス大船渡に到着予定。
A900974949262741508_0,900974949262741508,Primeで探偵ナイトスクープが見られて嬉しい。
A900986381631070208_0,900986381631070208,自由研究発表会は18きっぷのように楽しみだ。
A900988062536155136_0,900988062536155136,Wantedlyの求人ページのように、なぜやったかを詳しく書かないのですね。
A900988062536155136_1,900988062536155136,"“Wantedly, Inc. (ウォンテッドリー株式会社) | 当社が行った著作権侵害による削除申請につきまして” (175 users) https://t.co/SHfLM8Y2gF"
A900988860515196928_0,900988860515196928,おやつ
A900996661861732352_0,900996661861732352,気仙沼でお金をください #polca  https://t.co/xTvz3ffqVW
A901004264251703297_0,901004264251703297,https://t.co/rwTJdg048j
A901004516450902016_0,901004516450902016,DJダイノジ大谷さんは「創聖のアクエリオン」をかけてアニソン警察からも狙われている。
A901004867979825153_0,901004867979825153,不適切なコメントが含まれているため、削除されました。
A901005648523010048_0,901005648523010048,「トモダチ作戦」157人が米で東電を提訴し、50億ドルの基金を要求している（ロイター） - Yahoo!ニュース
A901006832612720640_0,901006832612720640,奥歯の痛みが治ったが、どういう仕組みなのか不思議だ。
A901009529181163520_0,901009529181163520,気仙沼ほっこり湯は、ユーザーボリュームに対してサービスが過剰で潰れそうだと思ったが、パチスロ会社が運営しているので安泰かもしれない。
A901010079779921920_0,901010079779921920,集まった絆マネーがパチンコで最終的にミサイルになるのは皮肉な話だ。
A1695002960072462455_0,1695002960072462455,犬の散歩を自動化したい。
A901012159341019136_0,901012159341019136,DMCAをこっそり行うケースが多い中、Wantedlyが唐突に行動を起こしたのは問題ではないか。
A901014338353287168_0,901014338353287168,魅惑のサーバル姉さんの服デザインは多分こんな感じ。元々童貞殺しだった服も成長しちゃった。
A901014398541586432_0,901014398541586432,不適切なコメントです。
A901018305217019904_0,901018305217019904,WantedlyのIPOに関する考察記事が削除されたのは、サムネイルの自動挿入が原因ではなく、著作権違反サイトへのリンクが原因である。
A901023423781928960_0,901023423781928960,RT @hirausan: https://t.co/8dC82ngv8k
A901024112474079233_0,901024112474079233,RT @ZEUS1858322: 凄くいやらしい視線を感じる https://t.co/KkYm4oJqEE
A901027963461804033_0,901027963461804033,しゅかしゅーは本当に天使のようだ。
A901028714774880256_0,901028714774880256,明日はお待ちかね、種延vsクマ、乞うご期待！
A901033528241999872_0,901033528241999872,2011年のナイトスクープを見ていたら、島木譲二さんが出ていて感動しました。😭
A1695031737078964249_0,1695031737078964249,ゴルフを愛する全ての人の想いを乗せて、雑草を倒します。 https://t.co/q2Xh4nKglT
A1695031950929510551_0,1695031950929510551,@sooomastream 昔の方が老けてると言われる🤣
A1695032529232044520_0,1695032529232044520,@Rotus_iyan2 実は24時間時給が発生するシステムを回していて、翌年ニートしたときに税金が大変なことになりました🥲
A1695035457955119589_0,1695035457955119589,@Anne_o1iver おめでとうございます！
A901048708204081152_0,901048708204081152,明日は奇跡のサイボーグ一本松で写真を撮り、大船渡温泉で温泉に入り、金券ショップで18きっぷを探す予定です。
A901048708204081152_1,901048708204081152,その後、日頃市町に向かう途中で熊に襲われて死ぬ予定です。
A901051356244393985_0,901051356244393985,僕も君の生活がよくわからない…😭
A901051715658457092_0,901051715658457092,お遍路は1100キロなので、一ヶ月でゆっくり回れるのか疑問です。
A901052666528227328_0,901052666528227328,@0ao0 広島？
A901052944413413376_0,901052944413413376,@0ao0 明日から岩手県民になります！
A901053868070420480_0,901053868070420480,@0ao0 二人は引き裂かれる運命…。無職で暇だから、そのうち広島に行くかもしれない。
A901063669441634304_0,901063669441634304,RT @mitsumotocs: アライさんのポーズ好き https://t.co/JErqAOMs4d
A1695061023286309206_0,1695061023286309206,ダイア3到達！みんな強いけど、たまたま拾える勝ちにすがりついている🥲
A1695062128573464733_0,1695062128573464733,Twitchの名前がついた人と対戦するとき、相手の考えを知るために配信のアーカイブをこっそり見るのが有益である。
A1695062128573464733_1,1695062128573464733,「昇竜出る！うまい！・・・モダンじゃねーか！」というコメントが面白かった。
A1695067037356200427_0,1695067037356200427,@tonamigames 税金免除！
A1695072084664160469_0,1695072084664160469,@black_na_itamae おめでとうございます！！！
A1695104874567094408_0,1695104874567094408,対策不足もあるかもしれないが、調べるほどマノンが強いと感じる。
A1695107095077745112_0,1695107095077745112,トレモでダミーを動かすときにクラシックを使い分けてほしい。
A901183085806444544_0,901183085806444544,仮眠しているのは結局僕一人で、利用客が少ないのは快適だけど、潰れないか心配だ。
A901183163887517696_0,901183163887517696,人にお金を出すときは、何も期待せずドブに捨てるつもりで出してほしい。
A901197040725540864_0,901197040725540864,有料素材の透かしを取らずにそのままプリントアウトして飾っているのが面白い。 https://t.co/1I6TFYC7Cr
A901200929780670465_0,901200929780670465,雨をやり過ごすために9時までだらだらする予定です。
A901201008138698752_0,901201008138698752,朝風呂はとても気持ちが良い。
A1562957073750495232_0,1562957073750495232,うるせえ！！！！
A768966367441674240_0,768966367441674240,現在の生活圏で採算が取れていることを考えると、少し考えさせられる。
A1562958382755364866_0,1562958382755364866,Codespacesのベータ版にようやく参加できた。
A768968769599266817_0,768968769599266817,初台のAnytimeのすぐ近くなので内見希望を送ってみた。 https://t.co/n4DJTk7VHp
A768983532689424384_0,768983532689424384,フェリカ対応なら買い替えるかもしれない。カードを減らしたい。
A1562978818524336128_0,1562978818524336128,Herokuの無料枠が終了しました。詳細はこちら: https://t.co/ZiKGmviImh
A1562983219792072705_0,1562983219792072705,HerokuにホストしているShopifyアプリを移行する必要がある。
A769006875648024576_0,769006875648024576,中高生専用SNS「ゴルスタ」が、運営批判を威力業務妨害としてBANし、復帰には協力姿勢と反省文を要求する体制が話題になっている。
A769010245662220288_0,769010245662220288,https://t.co/JCI0AlG6ri
A1563002392102473728_0,1563002392102473728,@moriha_el https://t.co/SU0F3GB7wNへの移行が一気に進みそうですね。
A1563002392102473728_1,1563002392102473728,ちょっとした配信関係のツールをHerokuにホストしているのも多そうです。
A1563008640260313089_0,1563008640260313089,@moriha_el える鯖にお引越ししなきゃ…
A1563009371528839169_0,1563009371528839169,@ribenchi Pogoでたくさんのことを学べたから大丈夫！
A1563009435143794691_0,1563009435143794691,@rumetam このフクロウは重い。
A1563014529348354049_0,1563014529348354049,@ribenchi https://t.co/t1k5U9Csf8
A1563084861514338306_0,1563084861514338306,@Rotus_iyan2 ありがとう。
A769132582026043392_0,769132582026043392,凡ミスで悔やまれるが、なんとか一万超えた。
A1563125966003548160_0,1563125966003548160,Pogo Map2 試練突入編: https://t.co/GofajI9v9P
A769305194345615360_0,769305194345615360,古代ローマの貴族ジェリー・トナーによる奴隷のマネジメント本は、架空の人物マルクス・シドニウス・ファルクスに基づいている。
A769305754834579456_0,769305754834579456,雨が降っています。
A769310732429111298_0,769310732429111298,『諦める力』為末大をKindle Unlimitedで読了。「人生いろいろ諦めると楽になる」というphaさんの言葉に似ていると思って手に取った。
A769318556353699840_0,769318556353699840,Amazonで買い物すると楽天ポイントが貯まる！
A769318556353699840_1,769318556353699840,楽天ポイントが必死で確保したサークルKサンクスが、ファミマ統合によってTポイント加盟店に鞍替え。楽天は主要コンビニを失う形に。
A769318937053925376_0,769318937053925376,10皿で1皿ボーナスがもらえる。
A769318937053925376_1,769318937053925376,回転寿司が1皿90円に値下げされた。
A769319376805691392_0,769319376805691392,ホワイトハッカーと言えばいいのに、国が正義とか言い出すと急にうさんくさくなる。
A1431057666781061123_0,1431057666781061123,#RingFitAdventure #NintendoSwitch https://t.co/VsmwgWipet
A1431211935651954690_0,1431211935651954690,トップガンクを決めてジャングル二周目中にサポート来いとピン連打するボットは何を考えているのだろうか？
A1431211935651954690_1,1431211935651954690,亀が不利になっても自分のミスをカバーしてほしいと思っているのだろうか？
A1431217698994679808_0,1431217698994679808,打ち上げや眠り、氷の効果で5秒間動けないCCチェインは強力である。
A1431230324160172040_0,1431230324160172040,サナを見たので、エスバはファイアチャージを取って狙い通り避けることができて気持ちよかった。
A1431238002836062211_0,1431238002836062211,サンダー戦でウロウロしているピカチュウ、君がゴールに走らないとサンダーを倒しても誰もゴールできない。
A1431238002836062211_1,1431238002836062211,まあ、キッズにはそこまでわからないよな。
A1431238207220314119_0,1431238207220314119,10キルでは足りないので、15キルを目指す圧倒的な試合が必要である。
A1431238276258557955_0,1431238276258557955,重要な場面で失敗しないようにしたい。
A1431238394621820938_0,1431238394621820938,敵味方全員がやばいと感じると、気持ちよくなって甘えてしまうのはよくない。
A1431238487206809600_0,1431238487206809600,キルを取るのが当たり前のチャンピオンなので、キルを取るのは当然だ。
A1431248971062669315_0,1431248971062669315,ガブリアスが来たら、その特性を活かして仕事をさせることが重要である。
A1431249033431896064_0,1431249033431896064,うちのかわいいサメをいじめるな。
A1431249966471606274_0,1431249966471606274,上二人でガン押ししているところで亀スティールを決めて、一気に有利になって気持ちよくなった。
A1431250216464748558_0,1431250216464748558,パレスとゲンガーで、相手が絶対に下がらないと確信して立ち回れたのが良かった。
A1431250374350966791_0,1431250374350966791,カサパレスは嫌われているが、効果的な使い方を共有できれば良い。
A1431250374350966791_1,1431250374350966791,ソロキューではカサパレスの効果的な使い方を共有するのは難しい。
A1299254843194839040_0,1299254843194839040,安倍さん、まだ2回目の10万円を受け取っていません。
A637195085352796160_0,637195085352796160,Cinema4Dの学生無償版を申し込んでいるが、結果がどうなるか気になる。
A637202519102328832_0,637202519102328832,服が生乾きで臭くて辛い。
