arg-id,x,y,probability,cluster-id
A1509739285385457673_0,-0.42937312,7.4146185,0.0,2
A1509833088574328837_0,3.907752,7.151716,1.0,1
A1509854411614732292_0,5.5260663,6.024544,0.457632675990432,4
A1509885384511025152_0,3.4144673,11.091468,0.5334865884403003,5
A1509885582175989767_0,3.6015618,11.098432,0.8245534674759839,5
A1377908114955989002_0,2.6374643,11.742216,0.927072602871625,0
A1377909615040471043_0,1.9965751,11.133718,1.0,7
A1377910991703343108_0,1.8309053,8.430782,1.0,7
A1377910991703343108_1,3.018468,7.167452,0.6658001012408168,1
A1377918525088522245_0,-1.2936766,9.088047,1.0,2
A1377928352799940614_0,3.3622763,6.8986297,0.0,1
A1377938839155601416_0,2.6194863,9.76398,0.0,7
A583785818835124225_0,1.2415787,9.995373,1.0,7
A583786492692037633_0,2.725043,7.1141334,0.0,1
A583788507954454528_0,4.5200744,11.090175,1.0,5
A1245871605349154818_0,3.9064155,10.525612,0.8519098112602316,5
A583789851989774337_0,2.645193,11.696917,0.9077195023323524,0
A1245879694374797312_0,2.233986,8.20658,0.7125229774701649,7
A1245886196888137728_0,0.004134069,9.417164,0.608795441833666,2
A1245890029789962240_0,-0.44065556,8.622163,1.0,2
A1245890029789962240_1,0.8007715,8.74371,0.8981687515109352,7
A583807783419514880_0,-0.5789619,10.895735,0.0,3
A1245891345438380033_0,-0.58162016,9.664105,0.6851172875971815,2
A1245898153607319553_0,3.025685,6.592671,1.0,1
A1245898153607319553_1,3.0738285,6.5772047,1.0,1
A1245906862584639488_0,-0.21260586,9.41591,0.7594104141192973,2
A1245906862584639488_1,3.049267,7.503943,1.0,1
A583830419788865536_0,1.4527472,8.777241,0.8933345237345806,7
A1245922519393034242_0,1.5088556,10.379407,0.0,7
A1245922519393034242_1,1.447221,10.482221,0.0,7
A1245930678660677633_0,-0.38554037,7.132764,1.0,6
A1245930678660677633_1,-0.45363986,7.181942,1.0,2
A1245931434004496387_0,-0.43792245,7.2310276,0.7983174182640396,2
A1245931434004496387_1,-0.5236945,7.305584,0.9699487030263058,2
A1245935930646487040_0,-0.7210623,10.616545,0.567536672136232,3
A1245935930646487040_1,-0.6345055,7.5369253,1.0,2
A1245937983779254273_0,0.9096181,6.9830647,0.0,6
A1245945253313384451_0,-0.41610602,11.2072735,0.3610377075022848,3
A1245966599036649473_0,1.93471,10.48611,0.8549372965042451,7
A583898072800854019_0,2.7965157,9.995767,0.0,7
A1245986674330308608_0,-1.4232686,9.513167,1.0,2
A1245987133350797313_0,0.8926206,8.967315,1.0,7
A1245998829695950850_0,3.0623238,11.292377,0.6008663182557318,5
A1246000432154955777_0,-1.4079679,9.534181,1.0,2
A1246007802415497216_0,0.6393455,9.702825,1.0,7
A583928631547703296_0,0.684014,10.90024,0.41943771752792286,3
A583929716173701120_0,0.85207564,10.456959,1.0,3
A583937252788740097_0,1.3220582,11.837218,0.22651248711727273,3
A1246023843543568384_0,0.3776045,8.288369,0.8870265873069052,7
A1246026654121472001_0,0.9017192,8.046411,1.0,7
A583945618286063616_0,0.78820115,8.869448,1.0,7
A1246029305542373378_0,-1.3322616,9.588872,1.0,2
A1246029479903817728_0,2.8661315,10.1017885,0.6848744783066781,7
A1246033842823032834_0,0.5538577,8.554785,0.0,7
A583952816865157120_0,2.208762,11.103697,1.0,7
A1246036524233158656_0,2.732756,9.313079,0.3364348324962334,7
A583961137428865024_0,0.7986002,11.095672,0.0,3
A1246057738670452742_0,5.529863,6.0205297,0.79326413642029,4
A1246068342089113605_0,2.640834,11.439488,0.38203706396130005,0
A1246069217398382599_0,4.3652306,10.873315,0.0,5
A1246070712961347585_0,2.469279,10.886796,0.0,7
A583997196091039744_0,1.2157826,10.787677,0.73913017131498,3
A584051492530688000_0,-0.0744171,7.007515,0.8852758079230792,6
A584142761445629956_0,0.22413187,6.876036,1.0,6
A1113994244639694853_0,3.459513,9.627591,0.9820926341145609,7
A1113996537174970368_0,-0.78617984,8.662048,1.0,2
A1114025686270976005_0,3.9701548,8.992901,1.0,1
A1114032577827024896_0,4.015359,8.977554,0.4933883705648277,1
A1114038567809048576_0,0.049061947,8.409292,0.0,2
A1114038567809048576_1,3.9417558,9.009446,1.0,1
A1114043021601853440_0,3.1270235,9.4123535,1.0,7
A1114078431526809600_0,3.9001362,7.0023212,0.0,1
A1776192983505010953_0,4.1337285,10.630706,1.0,5
A1114123666034311168_0,5.5460367,6.0060716,0.4088102834860591,4
A1114126111196078081_0,5.4552507,6.0963993,0.0,4
A1776224617419657528_0,3.5661242,7.345842,1.0,1
A1776225467483435330_0,0.93276274,11.595981,1.0,3
A1114156073500401664_0,3.3429363,10.152501,1.0,7
A1114156569674039298_0,3.02383,10.112515,1.0,7
A1114156569674039298_1,4.114944,8.8767185,1.0,1
A1114161947140870144_0,3.2335176,10.922748,0.8643238445159618,5
A1114161947140870144_1,4.1089816,8.862663,1.0,1
A1114165570717356032_0,3.0834148,10.5452,0.0,7
A1114180386148503552_0,3.9570067,9.009688,1.0,1
A1114180421158408192_0,3.9099686,8.89971,1.0,1
A1776263273698197696_0,-0.11743004,7.8653812,0.9898806528018408,2
A1114184789152559104_0,4.134088,7.2547064,0.5744378667364275,1
A1114184789152559104_1,3.607588,10.206745,0.0,7
A1114184789152559104_2,3.5876071,9.721391,1.0,7
A1114184789152559104_3,2.9013045,9.61863,0.0,7
A1114184789152559104_4,3.596514,7.0537815,0.9183827904732749,1
A1114186219552776192_0,4.1302047,7.4508715,0.0,1
A1114189312227024896_0,0.9469745,6.458969,1.0,6
A1114200104469061632_0,0.24068564,9.717546,0.0,2
A982046073098326016_0,3.6227663,7.0040045,0.6368831133830853,1
A982047932277862400_0,0.21293351,6.7322464,0.7979736743654309,6
A982047932277862400_1,5.5565014,5.9934072,1.0,4
A982050220216233984_0,-0.3037059,7.4850516,1.0,2
A982050220216233984_1,-0.30916065,7.908454,1.0,2
A982059898656636928_0,2.2972872,9.043409,0.0,7
A982059898656636928_1,2.1875105,6.819387,1.0,1
A982079408830844928_0,1.5239439,7.7102003,1.0,6
A982096531191926784_0,2.9522495,9.36123,1.0,7
A982096531191926784_1,0.4104064,7.5294294,0.0,6
A982096531191926784_2,1.0654298,9.527289,1.0,7
A982113051619946498_0,1.1068655,7.1111255,0.4038752043521522,6
A982116194441314304_0,1.0363065,9.697373,0.9411852431750566,7
A982116194441314304_1,3.0838273,7.171376,1.0,1
A982192528173613057_0,1.5516518,8.558093,0.0,7
A982197228621086721_0,4.528813,11.06202,1.0,5
A982197228621086721_1,5.5325985,6.01754,1.0,4
A982198441265676289_0,1.6994311,10.225023,0.8551511709323613,7
A982200359689990148_0,2.247457,10.8396225,0.0,7
A982221620394606592_0,1.4031056,7.5331063,0.4482591971838974,6
A982387916939939842_0,2.8045413,7.2772813,1.0,1
A982394175248314369_0,0.6697861,7.5384316,1.0,6
A850136127730311168_0,0.46192953,6.9315796,0.6882350037116318,6
A850136127730311168_1,0.3031312,7.617153,0.0,6
A850139440357834752_0,1.6121187,9.850747,0.9311829084640297,7
A850148585341636608_0,2.6269646,10.089143,0.9862660845701345,7
A850151061960749056_0,1.989936,7.2015553,0.0,6
A850151061960749056_1,2.1283073,11.869618,1.0,0
A850155136945197057_0,-0.669268,7.697177,1.0,2
A850156412164616192_0,1.2808433,11.770337,1.0,3
A850157920088150017_0,1.7092568,11.568067,1.0,0
A850161698749243392_0,3.465171,10.000107,0.0,7
A850186442852716545_0,0.44808477,8.42527,1.0,7
A850219143160659968_0,0.15634352,7.180784,0.9970532014313305,6
A850226063099666437_0,1.9138497,11.858387,1.0,0
A850230660136452096_0,-0.71462256,7.425618,0.9751380218623296,2
A1644289457301131264_0,2.168813,10.386243,1.0,7
A1644290256181825537_0,2.5925725,10.236108,0.9138385470830964,7
A1644290788703219713_0,2.5249023,11.106568,1.0,7
A850302737837412352_0,-0.9712831,8.67128,0.0,2
A850309443388452865_0,2.8644404,7.1458464,1.0,1
A850320711650496512_0,3.819575,9.173247,0.0,1
A850323871597285377_0,-0.06439876,10.69503,1.0,3
A1644352261819367425_0,0.842406,8.825433,1.0,7
A1644352261819367425_1,0.8810746,8.997899,1.0,7
A850477421077733376_0,2.021852,9.509005,0.6315602473901015,7
A850477421077733376_1,3.2432032,7.568903,0.6479498990002026,1
A850497627452051456_0,1.910172,10.628795,0.9643262250138298,7
A1512220737633136640_0,0.9842075,10.148884,0.6874646418499547,7
A1512270047112482818_0,3.1243892,11.473095,0.18680193751332602,5
A1512445655033122818_0,0.27363977,9.159398,0.0,2
A1380434430628536321_0,3.9181094,7.904913,0.8080991344052458,1
A1380666864674631681_0,3.5657973,9.775343,0.9016192849411631,7
A1248413402218692610_0,3.2467139,11.017526,0.8499324255717119,5
A1248423917628223492_0,3.7748222,8.324713,0.0,1
A586341297746616320_0,0.7446789,6.3178577,0.0,6
A586341389249617920_0,-0.8574974,7.6445146,0.7947667209364054,2
A1248425518300409856_0,-0.45964533,9.695822,0.6851172875971815,2
A1248428335346016259_0,3.56257,7.067047,0.9183827904732749,1
A1248442937605648384_0,-1.1102341,8.519283,1.0,2
A1248443293240717317_0,-0.58621466,8.362039,0.0,2
A1248443293240717317_1,-0.5481744,8.681416,0.38167330631977936,2
A1248445162964930560_0,-0.6583874,8.599848,1.0,2
A1248445565832056833_0,-0.6816984,8.286309,1.0,2
A1248457302782275590_0,4.056474,9.741899,0.0,7
A1248457621956222983_0,3.992611,9.874006,0.0,7
A1248464946276356097_0,1.5872605,7.736685,1.0,7
A1248470391674114053_0,4.1427007,9.377935,0.0,1
A1248470408564629504_0,2.5604749,10.786393,0.0,7
A1248477649590091784_0,-1.301127,8.9638815,1.0,2
A1248479758112808963_0,0.76898074,10.597093,0.6096095144685703,3
A1248488226274168836_0,3.5329902,7.014262,1.0,1
A1248493312421449731_0,0.0061917705,11.391668,1.0,3
A586421157001216000_0,3.655919,7.206007,0.0,1
A1248510293027606530_0,-1.1000234,10.171074,1.0,2
A1248512298836054022_0,2.2186353,9.963071,0.0,7
A1248512298836054022_1,3.7489874,7.092679,0.0,1
A1248515257896591360_0,-1.1698229,10.11547,1.0,2
A1248515257896591360_1,-0.02474222,8.825566,1.0,2
A1248523659045552129_0,-1.229671,9.959829,1.0,2
A1248525231368495104_0,-1.3704789,9.744011,0.9467476210398376,2
A1248525231368495104_1,-1.3321548,9.705979,1.0,2
A1248530895239143424_0,3.0671358,9.986673,1.0,7
A1248532201227956224_0,-0.86183983,9.4045725,0.7368746520794551,2
A1248532577998082050_0,-0.5490628,9.329297,1.0,2
A1248534871166730240_0,0.38561952,9.55741,1.0,7
A1248535910158749696_0,-0.6073163,9.896735,0.0,2
A1248539387186446336_0,-1.2220292,9.827384,1.0,2
A1248539387186446336_1,-1.2144086,9.800942,1.0,2
A1248539644884422657_0,4.8938,6.6474185,0.7861877836694431,4
A1248540324332318725_0,1.0107573,9.324419,0.6459934909823041,7
A586460681848795137_0,0.9412248,11.444602,1.0,3
A586461683251486720_0,-0.0055086203,6.959457,1.0,6
A586464427290992640_0,0.95989037,12.166464,0.9389801175571417,3
A586466020350562304_0,1.2121813,10.61377,0.0,3
A1248573533959012352_0,2.9688914,9.138201,0.6800269810285255,7
A586512877516754944_0,0.67866856,11.089552,0.0,3
A586516050990084096_0,-1.0461206,7.602516,1.0,2
A586521767067303940_0,0.5538141,7.3534985,1.0,6
A586521767067303940_1,0.56141293,7.305783,0.5931938155205035,6
A586521962626727941_0,0.6020938,7.535716,1.0,6
A586521962626727941_1,1.9883807,9.834599,0.0,7
A1248605576096968704_0,1.0960622,10.233445,0.9653326782967094,7
A1248607910076108800_0,4.6775026,11.17202,0.5681937376081699,5
A586527086958903297_0,2.0646107,11.860474,1.0,0
A1248621919844233221_0,2.7164803,7.938539,0.8131854293804617,1
A1248623272897286147_0,2.1961,8.297964,1.0,7
A586656859068608512_0,0.5814006,10.623711,0.0,3
A586659537425281025_0,0.13465515,8.972285,0.0,2
A586670655933788161_0,3.8918083,7.197777,0.8716415225300079,1
A586677838230589440_0,2.0220065,10.241288,0.0,7
A586678951059202048_0,0.2956831,10.865577,1.0,3
A1116529881334964224_0,4.7739573,6.6446023,1.0,4
A1778622120765100108_0,3.397018,7.0383444,1.0,1
A1116540292952252417_0,3.01021,7.1583867,0.5831713728897583,1
A1116542923741392896_0,3.0897143,11.2987385,1.0,5
A1116543665550159875_0,2.5081244,10.3615885,1.0,7
A1116544277822132227_0,-0.67563325,8.962904,1.0,2
A1116569891803287556_0,4.46168,8.4987335,1.0,1
A1116581547203710977_0,2.4652805,9.51482,1.0,7
A1116581819833405445_0,1.1507292,8.872589,0.0,7
A1778694199401193572_0,4.72046,6.6965127,1.0,4
A1778730229772718253_0,4.6802974,11.125226,0.7385030110171464,5
A1778732927020642525_0,1.3072318,10.793254,1.0,3
A1778732927020642525_1,1.695322,9.3710785,1.0,7
A1116670385557315591_0,3.1672864,10.15926,0.0,7
A1116670385557315591_1,4.376442,8.463836,0.27749253834800824,1
A1116691951678558213_0,3.2250106,10.841862,1.0,5
A1116691951678558213_1,4.476005,8.495895,1.0,1
A1116714550890512384_0,3.5191607,10.802381,1.0,5
A1116714550890512384_1,4.4904165,8.494652,1.0,1
A1116720702743293952_0,0.5745651,9.730634,1.0,7
A1116720702743293952_1,4.489382,8.538208,0.6540595633038201,1
A1778885294751985827_0,1.1518133,10.03051,1.0,7
A1778894926564184475_0,1.6590961,9.013903,1.0,7
A1778906385796964616_0,3.6757848,7.664687,1.0,1
A1778909481897976041_0,0.60313714,10.636351,0.0,3
A984582994965884928_0,3.425254,6.414998,0.0,1
A984597324801323008_0,1.8660669,7.706212,0.0,7
A984600496991285250_0,1.7043574,6.8740516,1.0,6
A984626728805974017_0,3.1175854,6.500658,1.0,1
A984652192534745088_0,1.7751172,6.7925625,1.0,6
A984721714679513088_0,-0.4379093,8.616506,1.0,2
A984728739480244225_0,0.60063463,8.406402,0.9410352056172343,7
A984730139215843329_0,1.005359,7.7629886,0.5821157222153612,6
A984730139215843329_1,3.0681493,7.052981,0.36502598699279,1
A984731383787438081_0,3.3615153,8.779415,0.0,1
A984746285789077505_0,0.35855243,6.7332497,0.0,6
A984759187598028802_0,3.7463636,7.9610186,1.0,1
A984763482108121089_0,3.6792219,7.1954026,1.0,1
A984785544075980800_0,2.237974,11.219365,1.0,7
A984786341186719750_0,2.1905222,11.281915,0.9201271573646586,7
A984786341186719750_1,-0.040933207,8.883728,0.6765657788791585,2
A984796184115019776_0,3.482432,7.200998,0.7343851293715736,1
A984914412388737025_0,0.3634739,9.258053,0.0,2
A852678532824281088_0,-0.11685397,10.065591,1.0,2
A852707106847416320_0,1.7848891,10.157993,0.9767106381197471,7
A852708283353845760_0,2.0738823,9.849863,1.0,7
A852709864820363264_0,0.37398598,9.539209,1.0,7
A852712687721172992_0,1.2518806,11.820654,0.32150196327842273,3
A852712687721172992_1,2.1252894,10.049265,1.0,7
A852714268738949121_0,-0.21807764,8.695022,0.0,2
A852716156641316865_0,2.973756,9.123088,0.7171692538482216,7
A852734560848625664_0,1.3917032,7.9759307,1.0,7
A852745842381381633_0,1.3625116,7.9237766,1.0,7
A852770656017973249_0,0.65942925,6.164171,0.0,6
A852770879108857856_0,0.6834268,6.440342,1.0,6
A852772593278910465_0,0.5733811,7.566309,1.0,6
A1646766404748840960_0,0.34057313,11.206184,1.0,3
A852826416483680256_0,-0.83811224,10.749186,1.0,3
A1646819086180188160_0,3.8479087,7.313149,0.0,1
A1646853498217328642_0,2.0807831,11.211895,0.7343194815115109,7
A852873081374769152_0,4.611885,11.127099,0.649656468821851,5
A1646878674812129282_0,2.835687,10.68385,0.9559071451652513,7
A1646882483563290624_0,0.23453204,6.168359,0.9124022631629143,6
A1514878526373400584_0,4.08266,10.969809,0.7486611002151056,5
A1514900735435042816_0,-0.37436846,11.234294,0.6792706054405985,3
A1514903911286538242_0,3.6622038,10.628186,1.0,5
A1514925455337426945_0,4.399611,6.8384953,0.0,4
A1514925491559358468_0,3.5188386,11.163976,0.9107434593090373,5
A1514933080519192576_0,3.6046326,7.996089,1.0,1
A1514958413205106689_0,0.149118,11.488367,0.2837327802974679,3
A1514980307799261186_0,2.8726866,10.4888935,0.45530198014051415,7
A1514985755667435520_0,0.580857,11.68401,1.0,3
A1514985793835909128_0,4.391708,11.192405,0.5467090173457942,5
A1514986039382884363_0,4.535912,11.082475,1.0,5
A1382978332212400132_0,0.8199766,9.5174465,1.0,7
A1382978332212400132_1,-0.4763859,9.203213,1.0,2
A1382978556523778054_0,0.83224225,8.640165,0.0,7
A1383053159258460163_0,2.2018325,8.033443,0.48580825601487776,7
A1383061397743955970_0,1.4574656,7.279628,1.0,6
A1383062036213428224_0,2.6386092,10.0936165,1.0,7
A1383164701123571712_0,4.855464,6.5482802,1.0,4
A588859922508488704_0,1.5118489,8.388314,0.0,7
A588876352138313728_0,3.1626544,7.8649535,1.0,1
A588882076625203201_0,3.8789437,7.1110897,1.0,1
A1250969137586659328_0,1.190167,11.734983,0.18212912791695707,3
A1250970182803062784_0,2.2736223,11.836142,0.6130925561252137,0
A1250970182803062784_1,3.0706387,7.2479334,0.5611728479428795,1
A1250971860549828615_0,2.3893228,11.084758,1.0,7
A1250974614680829952_0,1.241616,8.331608,1.0,7
A1250974614680829952_1,0.57451624,8.21963,0.0,7
A1250976263239430144_0,2.5237076,9.597705,1.0,7
A1250981618447118336_0,2.117144,8.32457,1.0,7
A1250981632539914245_0,-1.0554014,7.5933957,1.0,2
A1250983224899076097_0,1.8346727,9.284309,0.0,7
A1250983224899076097_1,-1.2528399,8.540784,1.0,2
A1250992809579962369_0,-0.8459219,9.626903,0.0,2
A1250993341715451904_0,-0.8539714,7.774989,0.5636834629101093,2
A1250993341715451904_1,0.26089922,8.284021,0.9892127756892455,2
A1250994423061569539_0,1.0613962,8.33774,1.0,7
A1250994423061569539_1,1.3190646,8.299469,1.0,7
A1251006456641368066_0,1.6471869,10.182697,1.0,7
A1251006456641368066_1,1.6264952,10.138297,1.0,7
A1251006456641368066_2,1.7798887,9.759718,1.0,7
A1251006487964422144_0,1.8380479,10.209877,1.0,7
A1251007590210744320_0,3.239717,7.38371,0.9676302438429032,1
A1251018136565846016_0,3.1681955,8.618416,0.0,1
A1251026142997303299_0,-0.4729876,8.001301,1.0,2
A1251026360593559552_0,0.36507088,8.023565,0.0,7
A1251053598684803072_0,1.7852778,10.502655,1.0,7
A1251055837239341056_0,-1.2373694,8.749148,0.0,2
A1251058368862552065_0,-1.1180636,9.600481,0.8121356551589081,2
A1251058393168539648_0,0.6069782,8.995907,0.5967163666810094,7
A1251059110335754240_0,-0.72877854,8.306035,1.0,2
A1251060304139579392_0,5.0389113,6.646993,0.5136919180463619,4
A1251060488630198273_0,-1.1683705,10.0118885,1.0,2
A1251079443591790593_0,1.8573056,10.553905,1.0,7
A1251080360059760646_0,0.22324021,6.846872,1.0,6
A1251099572899737601_0,1.6777728,7.5789227,0.0,6
A1251113445568602113_0,3.7582092,10.182265,1.0,5
A1251113445568602113_1,3.9719539,10.237622,0.0,5
A1251118092811251712_0,0.91186476,6.4619517,1.0,6
A589036782181691392_0,0.87573653,11.329984,0.8128802173798766,3
A589039030722908161_0,4.10149,7.175399,1.0,1
A589055314072244224_0,1.1388308,10.1793375,1.0,7
A589055417352753152_0,1.5738018,10.830727,1.0,7
A589060234414465024_0,1.3096405,10.903302,1.0,3
A589060234414465024_1,1.0905521,10.902641,0.0,3
A1251149199971807235_0,-0.8854758,10.168623,1.0,2
A1251149199971807235_1,3.9380047,7.3283377,0.0,1
A1119059854168141824_0,3.866799,8.877841,0.8482096853631977,1
A1781175165378056363_0,2.206248,11.2649,1.0,7
A1119102264738639873_0,4.1074305,8.829987,1.0,1
A1119103285594427393_0,-0.6370415,7.3563337,1.0,2
A1119103285594427393_1,-0.6393893,7.3627906,1.0,2
A1781227189041877494_0,4.1134334,10.624085,1.0,5
A1781240950368714872_0,2.3892977,11.917583,0.0,0
A1781256600688398701_0,3.5703192,11.225632,1.0,5
A1119188912612626433_0,-0.8341788,10.738953,1.0,3
A1119190117275451392_0,1.3940208,8.044888,0.6256947692163675,7
A1119190117275451392_1,1.5335277,8.09101,0.4776181434629134,7
A1119200269890310144_0,3.116809,7.150056,0.666470038279489,1
A1119201544467959809_0,1.7425145,11.640217,1.0,0
A1781294723329929448_0,4.0601554,11.156265,1.0,5
A1781294795471909108_0,4.7101417,11.130013,1.0,5
A1781306025234378832_0,3.349678,10.513876,0.0,7
A1119245166542499841_0,3.9000704,8.868264,1.0,1
A1119245419824001025_0,2.4412081,11.642301,0.3219948657004173,0
A1119245419824001025_1,3.9551451,8.783659,0.0,1
A1119250783961174017_0,2.1717558,11.043228,1.0,7
A1119251176392814593_0,1.7302094,10.469728,0.7460712147501517,7
A1119253043621404673_0,2.4951007,11.501585,1.0,0
A1781344190238216258_0,2.4807425,10.408134,1.0,7
A987159764793741312_0,2.2011738,6.7132535,1.0,1
A987225361447571457_0,3.3204823,9.867765,0.0,7
A987228987888951298_0,3.4814134,6.8879194,0.0,1
A987257018942541824_0,3.9124312,7.100824,0.9745037813297284,1
A987257240162881536_0,0.48004052,10.434874,1.0,3
A987268660686307329_0,2.523203,11.487365,1.0,0
A987268660686307329_1,3.5242333,6.934902,0.5581147963834433,1
A987279879380062208_0,0.27291378,8.835665,1.0,2
A987328836093145088_0,-0.9350536,7.602066,1.0,2
A987328836093145088_1,0.75198096,6.962512,0.0,6
A987479958887919616_0,4.6796412,10.852235,0.0,5
A987480532664532992_0,2.062466,11.710805,0.0,0
A987480532664532992_1,3.7781281,7.0091715,0.779263827030593,1
A855217223560044544_0,-0.20873934,10.010897,1.0,2
A855217411380854784_0,0.6966784,9.604183,1.0,7
A855217411380854784_1,1.2840613,9.32238,0.8841312338890298,7
A855217910943367168_0,1.2161252,8.451778,0.7264119986175522,7
A855218237457354752_0,1.2174397,7.2084208,0.5151599518395533,6
A855218237457354752_1,1.0972649,10.497771,0.0,3
A855219584617426944_0,0.6367078,8.0167055,1.0,7
A855219584617426944_1,0.13380769,7.298959,1.0,6
A855223583097987072_0,-0.07071581,8.7989435,1.0,2
A855225535466754049_0,1.2744224,6.976195,0.5292348539386782,6
A855237582900256768_0,-0.55930996,8.909721,1.0,2
A855241154329292801_0,2.7418282,9.527939,0.0,7
A855245369814528001_0,1.8027599,7.56952,0.0,6
A855247085704290304_0,-1.0707706,7.5851398,1.0,2
A855249115965308928_0,2.5184605,11.555459,0.7365814736488506,0
A855249895627902976_0,0.36581007,9.584593,0.8235592666735725,7
A855255177086943233_0,-0.33858067,7.8599524,1.0,2
A855257719086895105_0,2.6440864,11.741322,1.0,0
A855257719086895105_1,3.3322904,7.719054,0.0,1
A855259737021087745_0,1.2722393,11.780527,1.0,3
A855259737021087745_1,1.6929777,11.07358,0.0,7
A855260513810436097_0,0.97420496,9.197746,0.6447564598063455,7
A855263240724545536_0,3.3259802,9.245971,1.0,7
A855264382250627072_0,1.8125818,9.811701,1.0,7
A855266425925128192_0,2.3062406,8.114641,0.6299309906415383,7
A855276388764368900_0,1.3936683,9.234405,0.0,7
A855278908916195328_0,2.98437,7.650696,1.0,1
A855280908173062144_0,1.8170086,8.501244,1.0,7
A855283258497441793_0,1.2226545,8.576372,1.0,7
A855283258497441793_1,1.5379708,7.4063764,0.0,6
A855284290505949184_0,1.2770317,8.660276,1.0,7
A855287564072214531_0,1.399834,8.380867,0.7948861998656913,7
A855310169189699584_0,1.3371949,6.8226385,0.9373323002365783,6
A855310505572917248_0,2.648551,9.9565935,0.0,7
A855313113809170432_0,-1.0251349,7.6790967,0.8849393787553773,2
A855336209001848833_0,1.5362743,10.715636,1.0,7
A855345369533874176_0,2.0103924,11.923042,0.0,0
A855345886414635009_0,3.3657672,10.185594,1.0,7
A855357151165984773_0,1.4035705,6.7565517,1.0,6
A855381442615889920_0,2.2678719,11.906376,1.0,0
A855384612570357764_0,-0.65923166,9.135879,0.7954802501819556,2
A855387711745794049_0,0.8356639,8.333934,0.9369735363277447,7
A855389209301065728_0,2.5116708,10.042908,1.0,7
A855393108535758850_0,0.24445438,11.16587,1.0,3
A855396951185018880_0,3.8556356,8.177817,0.8708555199853424,1
A855406838195662848_0,1.0933211,7.065013,1.0,6
A855406838195662848_1,1.1637161,7.273945,0.5151599518395533,6
A1649413117607067654_0,0.8475916,8.945642,1.0,7
A1649413648975114242_0,0.835996,8.460811,0.0,7
A1649413648975114242_1,2.8167822,10.776868,1.0,7
A855422594295635970_0,2.3404915,10.711142,0.0,7
A855422594295635970_1,1.5168813,6.8689437,0.5947102929159213,6
A855424453274218496_0,0.6723737,7.1008677,0.0,6
A1649419735774240780_0,0.7746983,9.085055,0.6156384464369834,7
A1649423492423598080_0,4.3976707,11.095171,0.0,5
A855432134596583428_0,4.0369444,8.378096,0.0,1
A855433373724139520_0,3.9476202,8.920485,0.6535405611307789,1
A1649425700493963268_0,3.657712,7.043254,0.6368831133830853,1
A1649426363542036482_0,1.7218333,8.902066,0.7776147729167818,7
A855552641065033728_0,4.4142265,7.2931547,1.0,1
A855561596411817984_0,-0.14908569,10.163286,0.9094052501527428,3
A855570360388825089_0,1.2371036,8.46993,1.0,7
A855570360388825089_1,1.9431142,9.986814,0.0,7
A855570360388825089_2,2.1826386,11.960842,0.5405254049076718,0
A1517372344653651968_0,3.274297,7.8561993,1.0,1
A1517396157634613248_0,3.44864,7.064762,0.9819226753499717,1
A1517410594923905024_0,4.612932,11.135406,0.5720245260162478,5
A1517413780967555073_0,3.3554194,10.113463,1.0,7
A1517413892976427008_0,3.3951957,8.142005,1.0,1
A1517414019036225536_0,2.5876286,11.011234,0.0,7
A1517414778440130560_0,4.422559,10.937407,1.0,5
A723439314722385920_0,3.5573745,7.2083807,0.7968998068181394,1
A1517455664120942592_0,3.8440502,10.679572,0.0,5
A1517456323230674945_0,-0.21446633,8.036876,0.9898806528018408,2
A1517512930132070411_0,0.1782809,8.779494,0.0,2
A723638304999006212_0,3.9671254,11.028437,1.0,5
A723639106584989696_0,3.5760522,9.107134,0.0,7
A723639260755034112_0,0.47289932,10.795322,1.0,3
A1385500854627667972_0,3.741135,7.0620823,1.0,1
A1385518859910729728_0,1.9818034,7.751906,0.0,7
A1385518969633660930_0,1.5535116,7.7063193,1.0,6
A1385592027371372545_0,2.0921392,10.032796,1.0,7
A1253483245515104257_0,-1.3010954,9.322223,1.0,2
A1253488412599828480_0,0.3836193,9.502474,0.6908439397275004,7
A1253491706550382592_0,3.5543041,6.986787,0.962508405822366,1
A1253492063582089216_0,2.2684827,9.448904,1.0,7
A1253496996733702144_0,0.55033946,9.430176,1.0,7
A1253499982860042240_0,0.4657946,9.5075035,0.4021393133140667,7
A1253514121464569857_0,5.687056,5.8600063,1.0,4
A1253514148526223360_0,3.654246,10.529054,1.0,5
A1253517000116039680_0,3.0948212,7.211661,1.0,1
A1253520171693568000_0,0.9441546,6.3228154,0.776918247438891,6
A1253521817433595904_0,0.69825524,7.3304553,0.0,6
A1253525761140506624_0,2.8162067,9.733636,1.0,7
A1253529402266152960_0,0.8361289,6.4537096,1.0,6
A1253541455567613952_0,1.7076126,10.29791,0.0,7
A1253541489453314048_0,2.555339,10.401405,0.8246054420238346,7
A1253541722509828096_0,0.64544564,8.753463,0.0,7
A1253579881708830723_0,3.4973636,10.85796,0.0,5
A1253583496712347649_0,-1.4059256,9.265692,0.5919421669749629,2
A1253583496712347649_1,0.16258508,8.647451,0.0,2
A1253585292205756417_0,-0.3642155,9.398881,0.0,2
A1253585292205756417_1,1.3509773,8.583715,1.0,7
A1253586036996796418_0,-1.2258731,9.955005,1.0,2
A1253587119328485376_0,-1.2410731,8.523475,1.0,2
A1253593653810851840_0,-0.7589323,8.489479,0.7078354275745394,2
A1253598770824019968_0,0.49521002,9.719228,0.7864900663620539,7
A1253598770824019968_1,-0.7013939,10.866546,0.557207172871927,3
A591518993892020224_0,1.5416832,7.339547,1.0,6
A1253607751361523714_0,1.1555752,8.6680565,0.9455616194895098,7
A1253607823641960448_0,-0.69796443,8.559187,1.0,2
A1253614036022734850_0,3.5459702,7.0416946,1.0,1
A1253619423056850944_0,3.5502136,10.715092,1.0,5
A591537016493379584_0,0.23811617,10.219116,0.0,3
A591537267090403328_0,-0.4215976,10.3419895,1.0,3
A1253621345264340994_0,-0.3772723,9.697524,0.8123875519978915,2
A1253621768549367808_0,-0.51505655,9.2305,1.0,2
A1253621768549367808_1,-0.4475748,8.973828,1.0,2
A1253642288200183814_0,0.40383425,10.45383,1.0,3
A591742823038234624_0,-0.12541671,9.807281,0.8309249505559893,2
A591743766135906304_0,2.4931977,7.4854994,0.0,1
A1121625690250473478_0,3.095526,11.325357,1.0,5
A1783714398366032116_0,5.5616503,5.990568,1.0,4
A1783714690440495560_0,3.7976222,10.501769,1.0,5
A1783720140485578878_0,1.8209611,10.805297,0.0,7
A1121691827428442114_0,3.193807,11.152209,0.0,5
A1121703388620578817_0,-0.5446606,10.393558,1.0,3
A1121711481953734657_0,2.6993546,9.918024,0.0,7
A1783801441020485976_0,2.8377452,7.40073,0.0,1
A1121733058741170176_0,5.4994655,6.0499444,1.0,4
A1121745129814016000_0,2.4131365,11.809995,0.0,0
A1121745129814016000_1,3.936479,8.673353,0.0,1
A1121751381587709953_0,3.9254835,8.861708,1.0,1
A1121751381587709953_1,5.506404,6.044761,1.0,4
A1783871710653288526_0,-0.35607147,8.498858,1.0,2
A1783903448829927828_0,0.122455105,8.819934,1.0,2
A1783903448829927828_1,-0.015550504,8.682882,0.9655047310116132,2
A989680117629800448_0,-0.14067253,7.575783,0.0,2
A989680117629800448_1,-0.509731,6.7910686,0.5227565888230343,6
A989686992685350912_0,0.51154065,7.4219317,0.7485452890715626,6
A989686992685350912_1,0.41853222,7.0397696,1.0,6
A989710963128569856_0,5.512073,6.036914,1.0,4
A989712131036610561_0,4.3546085,11.06497,0.0,5
A989802356245192705_0,0.5330959,8.3095665,1.0,7
A989805636018819072_0,2.6093712,10.176583,1.0,7
A989810151719874560_0,-0.21121514,8.69482,0.0,2
A989851644727705600_0,0.46034494,7.1196346,1.0,6
A989852144483422209_0,1.0609716,7.3266387,0.5151599518395533,6
A989863317366714368_0,2.2700026,11.9207945,1.0,0
A989863317366714368_1,3.6429539,7.6875935,1.0,1
A989865018987511810_0,1.9049106,9.034884,1.0,7
A989865316044984320_0,1.245646,9.410719,1.0,7
A989866641897869312_0,0.80939746,10.89825,1.0,3
A989866641897869312_1,0.83524513,10.884743,1.0,3
A989870496601653248_0,0.6259913,9.40136,1.0,7
A989873592778113026_0,4.4178033,6.7757344,0.0,4
A989879795411443714_0,1.5639216,10.274764,0.7784156387404475,7
A989879981160345606_0,4.2221355,7.4620566,0.0,1
A989880518157123585_0,2.1383226,10.623603,1.0,7
A989882667817549824_0,2.166765,10.67308,1.0,7
A989883245654298624_0,2.6280305,9.151866,0.84087961176283,7
A989884129234726912_0,2.628596,9.127529,1.0,7
A989884390284169216_0,1.1158481,10.116909,1.0,7
A989888126540795904_0,2.0778887,9.916195,1.0,7
A989888541739008000_0,5.0257382,6.4670563,0.0,4
A989889937691394049_0,-0.43539277,8.449895,1.0,2
A989889937691394049_1,3.7280238,7.0137115,1.0,1
A989891559863681024_0,2.8151846,8.4999485,0.5123606054326377,1
A857760719646969856_0,0.53658575,9.417815,1.0,7
A857792176243265536_0,1.2985828,6.630524,0.535245017671999,6
A857792470549229568_0,1.3164154,6.6167827,0.5330108141812738,6
A857802740294201344_0,1.2638141,11.768838,1.0,3
A857816891292700673_0,0.8854156,10.598418,0.9293542571605367,3
A857844914180194305_0,-0.21576583,9.760462,1.0,2
A857846823251083266_0,5.1304207,6.495506,0.7968800925779337,4
A857863639524491264_0,3.2162628,7.476671,0.9655016984724549,1
A857879998413234176_0,4.175892,7.781651,0.0,1
A1651874855602786304_0,4.0541964,11.040883,1.0,5
A857902501844176896_0,-0.8660163,8.248184,0.44955550602568317,2
A1651896621154844673_0,4.5755033,11.09998,0.649656468821851,5
A857907206783590400_0,2.208728,9.452256,1.0,7
A857907206783590400_1,3.5040245,7.3874283,0.8029471016332008,1
A857908698013773824_0,1.4218782,6.481749,0.5124131012377743,6
A857910052702781440_0,1.2775785,7.5732574,0.4747846071994216,6
A1651907552735825921_0,2.8592033,10.817303,0.6695809907100742,7
A857936090522669057_0,2.1695216,9.245829,1.0,7
A857959092173774848_0,0.5071756,7.39158,1.0,6
A1519855959723888641_0,1.5604362,9.700062,1.0,7
A1519858742510055425_0,4.507062,11.006452,0.44458265504489025,5
A1519905701027454976_0,0.8701731,6.1681952,1.0,6
A1519906148983345152_0,0.89203876,5.831437,1.0,6
A1519906148983345152_1,-0.05751645,6.1850634,1.0,6
A1519906148983345152_2,1.8184601,7.377501,0.0,6
A1519906148983345152_3,0.5558246,7.074067,0.8520969632016845,6
A1519906417880141825_0,0.60819733,5.7650676,0.0,6
A1519906417880141825_1,0.54038346,5.861156,0.0,6
A1519909611934867456_0,0.8056987,5.86326,1.0,6
A1519909611934867456_1,-0.3919246,7.0300584,0.0,6
A1519909876851388417_0,3.9487183,7.013311,0.0,1
A1519911367561515009_0,0.46684322,5.765474,1.0,6
A1519911367561515009_1,0.8327972,6.0211635,0.6973804587951375,6
A1519911367561515009_2,-0.44596344,6.653754,1.0,6
A1519912667741179906_0,0.47995457,5.783438,1.0,6
A1519912667741179906_1,0.5380143,5.678518,0.9350631318808709,6
A1519912667741179906_2,0.53594553,5.761874,1.0,6
A1519912951997628417_0,0.5081217,5.6914887,0.7450998252303713,6
A1519913496837648384_0,0.85717964,5.8496475,1.0,6
A1519915709240729604_0,0.4306127,5.848925,0.0,6
A1519920454844051457_0,0.46788338,5.7406926,1.0,6
A1519921260490223616_0,0.53205335,5.6951504,1.0,6
A1519921577243992064_0,1.1048512,8.519217,0.0,7
A1519923022953533440_0,0.52284175,5.656195,0.48004175320463355,6
A1519923329569746944_0,-0.36100522,7.146378,1.0,6
A1519923329569746944_1,-0.33464924,7.203767,0.0,2
A1519923561229471744_0,0.9070032,6.1302676,1.0,6
A1519923888729116672_0,0.7938594,6.1632466,1.0,6
A1519924600024444928_0,0.6798562,5.935196,0.0,6
A1519928415389818880_0,0.52603227,5.6936374,1.0,6
A1519928415389818880_1,0.58334696,5.7834115,1.0,6
A1519931724498489345_0,4.5399303,11.214558,1.0,5
A1519932524897595392_0,0.5710929,5.724553,0.3518699342287437,6
A1519933514707181568_0,1.0358709,11.264513,0.0,3
A1519939493771374592_0,-0.3113005,6.8863196,0.0,6
A1519939861007925249_0,0.031202782,6.5441704,0.0,6
A1519939861007925249_1,-0.17485659,6.8086796,0.473755548573408,6
A1519943521003655168_0,2.1937945,7.557937,0.0,1
A1519943521003655168_1,2.0278916,7.8925443,1.0,7
A1519943521003655168_2,1.9382229,8.530267,1.0,7
A1519945803732725760_0,0.07708678,6.504034,0.0,6
A1519945803732725760_1,3.7394636,10.426802,1.0,5
A1519948796637028352_0,0.7441278,5.97905,0.7016627649329805,6
A1519968741781499904_0,0.11048793,6.2618384,1.0,6
A1519968741781499904_1,5.6069207,5.9463315,0.0,4
A1519976568415604736_0,3.612092,11.184817,1.0,5
A1519980585732567040_0,2.3230839,11.092101,0.9602259756893778,7
A1519982246937378816_0,3.7141955,7.4995875,1.0,1
A1519985148401713152_0,0.83553153,9.989338,0.657203937533708,7
A1519987232790429696_0,2.7918751,10.146648,1.0,7
A1519987304374599681_0,2.4327705,11.2061,0.0,7
A1519993029960290306_0,3.835378,11.115727,0.723742373691143,5
A1520001026295988224_0,3.3207972,10.957917,0.855344517769055,5
A1520001121149804545_0,3.1207807,10.866073,0.7600775050030102,7
A1520018818197729285_0,2.6534607,11.179575,0.0,7
A1520018866197344256_0,2.6127446,11.071659,1.0,7
A1520031797949607936_0,5.3107986,6.2893944,0.9931751729706081,4
A1520046818171621376_0,1.397927,6.942401,0.6856631929345252,6
A1388078078681812999_0,0.7432486,10.391242,1.0,3
A1388086105912791040_0,0.1706009,6.1891403,1.0,6
A1388089995085426689_0,1.3590924,6.832247,1.0,6
A1388091106445955077_0,2.8718996,9.888077,0.9063099514385914,7
A1388092412266827777_0,2.1244948,7.880367,0.8596967013511646,7
A1388095012085190656_0,3.6168976,7.0240283,0.9183827904732749,1
A1388095157900242946_0,2.8004553,10.054887,0.7334285482528597,7
A1819163530907865163_0,0.48996443,11.339035,0.7193112186390699,3
A1819163693122294163_0,4.6603494,6.6720953,1.0,4
A1157109941749968897_0,4.3399014,7.276781,1.0,1
A1819194208642912398_0,1.3969661,7.3936505,0.4482591971838974,6
A1819206476394910184_0,-0.3953591,9.936842,1.0,2
A1157218807284260864_0,-1.0293802,8.46747,1.0,2
A1157218807284260864_1,-0.93124497,8.3411255,0.4107430789060684,2
A1157225627864276993_0,0.569562,11.219355,0.0,3
A1819313951982997568_0,0.58465093,7.7439795,0.0,6
A1819328492057878560_0,2.9694686,9.832697,1.0,7
A1819336002751942870_0,3.8347192,7.200144,1.0,1
A1157254294099263488_0,-0.704627,9.190884,0.9043222995507545,2
A1819391775137845456_0,1.665854,6.7559214,1.0,6
A1819400752068284937_0,-0.06460806,6.292769,1.0,6
A1819400752068284937_1,-0.12088239,6.287836,1.0,6
A1819400752068284937_2,1.2546679,7.158505,0.4047569452552229,6
A1819401036953800785_0,-0.40524164,6.677887,1.0,6
A1819401036953800785_1,-0.379531,6.608246,1.0,6
A1819401178402508969_0,0.13129164,6.1628184,0.9323052263324615,6
A1819401844692865416_0,0.15049386,5.9820747,0.0,6
A1819410199750627723_0,0.08467271,9.651281,0.0,2
A1025200054330519554_0,4.119408,7.132281,1.0,1
A1025226110068375553_0,3.0790591,9.312783,1.0,7
A1025245049045434370_0,-0.32828072,9.1703615,0.0,2
A1025275305177493504_0,3.8140075,6.893621,0.0,1
A1025276381171658753_0,5.199574,6.265398,1.0,4
A1025281921528393731_0,3.651729,7.5279827,1.0,1
A1025282008673542145_0,3.4689393,7.605084,0.0,1
A1025286075718090752_0,-1.0596619,8.828521,0.0,2
A1025288338754813953_0,3.7402058,7.5613503,1.0,1
A1025288660764131329_0,1.0643755,7.511591,0.47402533704099864,6
A1025288912216809472_0,-0.48504898,10.53029,0.8945376783462455,3
A1025306856774750209_0,2.6762784,11.722595,1.0,0
A1025312076921593856_0,1.1886564,11.856066,0.1517405630308023,3
A1025349376602828800_0,2.1953313,9.3810625,0.9173192562154882,7
A893274511096676352_0,1.8810314,10.161897,1.0,7
A893274851133108224_0,-0.8893811,7.655466,1.0,2
A893274851133108224_1,-0.8852385,7.808155,0.4600317538677194,2
A893274851133108224_2,-0.80352235,7.995897,1.0,2
A893274851133108224_3,-0.9816624,7.5888305,1.0,2
A893274851133108224_4,-1.011146,7.622117,1.0,2
A893275546007650304_0,3.446929,9.414118,0.0,7
A893275984807444480_0,0.97255564,10.002669,0.657203937533708,7
A893294197700124672_0,0.5922315,9.860193,0.0,7
A893338155243511808_0,3.0923522,8.227597,0.0,1
A893339094897442816_0,4.1202507,7.160918,1.0,1
A893368210971533312_0,3.1017942,10.017022,0.843238293208484,7
A893368210971533312_1,3.0744212,9.600356,0.0,7
A893376775677296640_0,2.3980086,10.534011,0.0,7
A893389080599252993_0,-0.02368561,10.593652,0.6229416657634463,3
A893389646637309952_0,4.845115,6.5670037,1.0,4
A893417042229022720_0,3.6219285,7.6858606,1.0,1
A893419162126630912_0,1.3793389,9.619519,1.0,7
A893420716787245056_0,3.3073223,9.318961,0.7930233566153846,7
A893420716787245056_1,3.5001328,8.637248,0.0,1
A1687439401931198464_0,-0.49672163,8.455256,0.7213610026622199,2
A1687457987252965376_0,4.4792356,11.205764,0.8849630516820278,5
A1687458700964085760_0,0.52736557,9.084355,0.5744710136148551,7
A893469249838080001_0,1.8609912,11.68738,0.7552473569919784,0
A1687467690901069825_0,0.4737891,8.964861,1.0,2
A1687471070029496320_0,-0.069679886,8.503998,1.0,2
A893480005799260160_0,1.7644311,10.047766,0.0,7
A893484703361060864_0,-0.2030744,10.398327,0.0,3
A893489224535625728_0,0.47324625,10.782588,1.0,3
A1687485141340536833_0,-0.3766571,8.688958,0.4938728707827945,2
A893495026428239873_0,-0.30135003,9.771906,1.0,2
A893499258313162753_0,1.7962147,9.74243,1.0,7
A893499258313162753_1,2.1928685,9.466387,0.8562606310875648,7
A893503546745733120_0,3.0910137,8.765562,1.0,1
A893504159609102336_0,2.4438155,9.696634,1.0,7
A893506196472078336_0,3.8168917,7.2773604,1.0,1
A893594251769991168_0,-1.3454982,9.05603,1.0,2
A1555348885723582464_0,-0.15994954,11.422465,0.28976619580516244,3
A761370043187724288_0,1.6175572,9.500114,0.83807062424354,7
A1555396969803444225_0,4.101181,10.615916,1.0,5
A761479183813836801_0,2.5535622,8.18054,0.0,1
A1555497688476831745_0,2.2812433,10.995049,0.0,7
A761522540497907712_0,1.8574424,6.6971526,1.0,6
A761522540497907712_1,1.6335552,6.6081605,0.8331768960273609,6
A761530294386077697_0,1.4765556,9.3193,0.0,7
A1555533908539686914_0,0.6917903,6.86856,1.0,6
A1555544121426657280_0,0.8042237,6.7161694,1.0,6
A1555606253447315457_0,4.147753,10.790785,1.0,5
A761694972303200256_0,1.5846753,9.019135,0.9842028935181144,7
A761694972303200256_1,0.19982466,7.277245,1.0,6
A761694972303200256_2,1.6553267,8.969095,0.8480966942999846,7
A761697229287464961_0,1.4448266,9.539166,1.0,7
A761697229287464961_1,1.0230027,9.519111,1.0,7
A761700330295787520_0,-0.48394743,8.607789,1.0,2
A761700330295787520_1,2.9318688,7.7571588,0.0,1
A1423638823762751489_0,0.6960267,9.151619,1.0,7
A1423638823762751489_1,0.46540767,8.5514555,1.0,7
A1423640274887004162_0,4.8114476,6.781742,0.5380999558826484,4
A1423785718220873730_0,5.679881,5.879375,0.7313554169258768,4
A629444789306421248_0,1.7713802,7.057656,0.8992691684882637,6
A629446253990903808_0,0.82951903,11.057513,0.4018031213249752,3
A629454052774948864_0,3.6521933,6.885851,0.0,1
A629454052774948864_1,2.605299,6.885148,1.0,1
A629467122498826240_0,1.911953,11.750576,1.0,0
A629545147265454081_0,0.82024074,10.596782,1.0,3
A1291629381677277184_0,2.0815487,10.985925,0.0,7
A629580214272675840_0,0.43473053,10.222148,0.0,3
A629660537735901184_0,1.6108091,10.23379,1.0,7
A1821755328314405018_0,0.011786183,11.426753,1.0,3
A1821773940592980279_0,-0.28676358,11.274267,0.7545206925710238,3
A1821777919984742668_0,-0.017134584,10.686521,0.8001488788523538,3
A1821788672024277157_0,0.03169024,11.328014,0.486098971263225,3
A1821793179613716679_0,-0.32769528,11.26596,0.9172902683690866,3
A1821793179613716679_1,-0.3423623,11.29198,1.0,3
A1159711995475611648_0,0.8554575,10.646086,1.0,3
A1821802064147792110_0,-0.31591752,11.31584,1.0,3
A1159736426344226818_0,4.608171,6.803022,0.6520550648855261,4
A1159739509870714881_0,-0.120853014,9.391941,1.0,2
A1159739509870714881_1,-0.24463268,9.451475,0.5507351752659324,2
A1159741254130814976_0,3.1048005,7.532241,0.744870015270199,1
A1159742332075253760_0,-1.1868544,9.3911705,1.0,2
A1159742332075253760_1,-1.0510424,9.449888,1.0,2
A1159742332075253760_2,-1.1919254,9.423345,1.0,2
A1159761096212828161_0,2.316479,9.809382,0.0,7
A1159769019051732993_0,-0.8418426,9.131836,1.0,2
A1159769019051732993_1,-1.024003,9.451104,0.8497665814008806,2
A1159771408857088000_0,1.8439583,10.436557,0.8549372965042451,7
A1159785301511823361_0,0.04069345,7.3226786,0.6393608566702741,6
A1159799789002715136_0,2.3148468,10.550789,0.6998905706800835,7
A1159900066963808256_0,-0.055156145,8.806504,1.0,2
A1027723216192647169_0,1.0516365,11.612201,1.0,3
A1027731418019840001_0,1.6358442,9.451647,1.0,7
A1027738242983051267_0,3.9027216,7.4524274,0.0,1
A1027768400913805312_0,1.8847845,9.451314,0.44768381150100667,7
A1027768400913805312_1,3.8669138,7.59327,0.0,1
A1027914684085592064_0,-0.033986222,11.409369,1.0,3
A1027922321984503809_0,1.812067,8.982048,1.0,7
A895816414786748416_0,2.096601,10.4113865,0.708499847637975,7
A895825234602770432_0,0.6421463,9.180393,0.6068064566630514,7
A895828805062844416_0,2.376134,10.9594555,0.0,7
A895829637305057280_0,2.3706603,11.12025,1.0,7
A895830798099562497_0,1.1131827,10.058906,1.0,7
A895834509681115136_0,2.24518,10.19974,0.0,7
A1689827858590642176_0,4.2476873,11.180114,0.5831425990861201,5
A895840377772494849_0,3.2294102,9.195243,1.0,7
A895843164321226752_0,4.818503,6.5897956,1.0,4
A895846446657748992_0,0.35814768,10.552541,0.9558596646289499,3
A895846554304512000_0,0.27637467,10.441203,0.0,3
A895847058027839488_0,1.8600035,10.595057,1.0,7
A895847578880757760_0,2.197374,10.450018,1.0,7
A895862310828298240_0,3.2982385,8.359855,0.0,1
A895864190002282496_0,3.5687268,8.102344,0.9421217920234968,1
A895864296776753152_0,0.88565314,11.4300375,1.0,3
A895865178276765696_0,4.6521835,6.7455807,1.0,4
A895871024226385920_0,4.1612644,7.3336406,1.0,1
A895873229058854912_0,3.3387134,6.961406,1.0,1
A895874697870442497_0,0.9341456,11.295096,0.7694196247426376,3
A895877865715060737_0,-0.76602256,9.118083,1.0,2
A895878466200981504_0,2.5832245,9.576029,0.0,7
A895885457141055488_0,2.2606473,10.358463,0.6870635952647787,7
A895889758882217985_0,2.5068316,10.1923485,0.8479291736843868,7
A895898626429403136_0,0.25989944,8.821134,1.0,2
A895898626429403136_1,0.31080768,8.804006,1.0,2
A895901615479111680_0,1.1005745,7.922954,1.0,7
A895901615479111680_1,1.0601559,7.9707212,1.0,7
A895901615479111680_2,0.87858105,7.9338603,0.5259020414392075,7
A895901615479111680_3,1.0857362,7.919424,1.0,7
A895903623628038144_0,1.0110791,7.869722,0.6009101993223778,7
A895909035735629824_0,4.6729007,11.084971,0.5171778719956794,5
A895909360009793538_0,1.8176038,7.9750333,1.0,7
A895909609948315648_0,1.4535269,6.735602,0.6497470286504002,6
A1689923250565132288_0,-0.030762808,9.210285,0.5844978267931186,2
A895931905178165248_0,1.2222254,9.365693,1.0,7
A895933462724702210_0,-0.20567408,9.017453,0.0,2
A895933795307708416_0,0.4657521,7.0625086,1.0,6
A895938085904568321_0,1.2149985,9.531399,0.6840255486129949,7
A895938411864834048_0,3.145207,10.158696,1.0,7
A895942835228127232_0,-0.581685,9.615143,0.5902104474766621,2
A895945708057931777_0,1.0562255,9.485748,1.0,7
A895945708057931777_1,1.1661791,9.380081,1.0,7
A895949081599541250_0,1.1112522,9.817499,0.8051140517305824,7
A895949104118808577_0,1.3254921,9.89485,1.0,7
A895949220342976512_0,2.0185926,9.61437,1.0,7
A895952063498117120_0,-0.46926028,7.1438766,0.5810995617307952,2
A896034816541343746_0,1.863221,11.50317,0.0,0
A896034816541343746_1,2.7442791,10.113257,1.0,7
A896034816541343746_2,2.4610431,9.4875765,1.0,7
A896041205791825920_0,1.2984412,9.92688,1.0,7
A896042648426786817_0,2.0085762,9.116783,0.0,7
A1557909368448090112_0,4.0465446,11.082396,1.0,5
A764040767115366400_0,0.8742654,9.455189,0.0,7
A764052399572946944_0,1.7663827,9.438172,1.0,7
A764052399572946944_1,1.4707507,9.548141,1.0,7
A1558056545761755141_0,3.961952,10.881729,0.0,5
A1558067067319771136_0,3.365339,7.291457,1.0,1
A1558133267609427969_0,3.5567594,10.215571,1.0,7
A1425982316795502595_0,5.7283225,5.824827,0.9524803481003563,4
A1426008441382871045_0,-0.83641285,9.167703,1.0,2
A1426032276949798919_0,-1.1422333,8.538649,0.3516230832468488,2
A1426120523902193664_0,-0.106765844,10.808699,0.5610144049157749,3
A1426120863074512899_0,1.6621978,11.58707,1.0,0
A1426122201380446210_0,2.23523,11.946787,1.0,0
A1426198135643074567_0,1.2938254,11.09276,1.0,3
A1426198135643074567_1,0.8599759,11.453459,1.0,3
A1426198802726199301_0,0.31773856,6.0913825,0.5339995437303371,6
A1426199437236269058_0,0.047498222,8.878601,0.5997490453497486,2
A1426199939399311361_0,0.13072258,9.211074,1.0,2
A1426199939399311361_1,0.73848593,8.8314,0.9280970356283021,7
A1426200410914627585_0,-0.06854981,9.068914,0.0,2
A1426200410914627585_1,-0.07155625,8.389831,0.9855606237977911,2
A1426201156515078147_0,0.19732505,9.044705,0.0,2
A1426201156515078147_1,0.5123024,8.912654,1.0,7
A1426201393824632837_0,-0.058116373,9.473164,0.524987372626096,2
A1426201502117371909_0,-0.1884016,9.372557,0.7594104141192973,2
A1426202609203912708_0,0.99492055,9.75221,1.0,7
A1426204958425157633_0,-0.11363965,9.382578,1.0,2
A1426204958425157633_1,0.14270136,8.891434,1.0,2
A632024525828308992_0,-0.3125572,8.259994,0.0,2
A632101513138036736_0,1.1826384,11.142109,1.0,3
A1824282965960167709_0,2.4491503,9.862773,0.0,7
A1824296389775327282_0,4.134979,10.811102,1.0,5
A1824296391738290281_0,4.223861,10.799771,1.0,5
A1824300571706491383_0,3.868329,11.124136,1.0,5
A1824300631705944109_0,4.0267034,11.067506,1.0,5
A1824300648541917635_0,3.9502716,11.035053,1.0,5
A1162265229645926400_0,-0.80271465,8.338825,0.5857717791360959,2
A1162267934355365889_0,-0.7272456,8.295257,1.0,2
A1162292213344165890_0,-0.7494663,8.872769,0.0,2
A1824384066747240846_0,4.967029,6.738352,0.6384639161592027,4
A1824384113761194000_0,4.44555,11.247712,0.7625060961996823,5
A1824410050791977131_0,3.656397,10.885139,0.0,5
A1162335933724647426_0,1.8883585,8.805019,0.0,7
A1162335933724647426_1,1.9349824,8.959126,0.0,7
A1030261659946770432_0,4.228344,6.9874196,0.0,1
A1030269367815229441_0,3.0371187,8.782695,0.0,1
A1030274925674868736_0,3.1214113,8.490224,0.0,1
A1030279539698544640_0,2.46126,7.4915786,0.0,1
A1030279539698544640_1,0.28928694,10.742626,0.9874659843616733,3
A1030283421287895040_0,2.965944,8.559097,0.6284905701856422,1
A1030291742355083264_0,3.287097,8.297785,1.0,1
A1030314919038615552_0,3.0085979,8.385314,0.6630428606571542,1
A1030315479804469248_0,1.9571096,9.602371,0.923675109404861,7
A1030316965510828032_0,2.746458,9.576386,1.0,7
A1030325081048633344_0,-1.0090852,8.081601,1.0,2
A1030329505036943360_0,3.1308663,9.084957,0.7839560815831605,7
A1030336987922755584_0,2.02401,9.575546,1.0,7
A1030337078305808385_0,3.4698172,10.335633,1.0,7
A1030343936068530177_0,3.0646436,8.656434,1.0,1
A1030363768881012741_0,5.536355,6.015282,1.0,4
A1030395583373107201_0,4.4197245,7.631097,0.0,1
A1030409331559165954_0,3.224955,9.079383,1.0,7
A1030463604657545216_0,4.5330677,11.279462,0.8777365674042151,5
A1030463650371235846_0,4.4940825,7.0445,0.0,1
A1030465326943629312_0,1.0418974,11.654636,1.0,3
A1030493188182560770_0,1.7333299,9.529702,1.0,7
A1030493278813081602_0,3.7227101,8.084838,0.988451049418301,1
A898347491518697472_0,2.8643565,8.577544,1.0,1
A898360226814013442_0,0.7951031,10.816381,0.5519338339649079,3
A898362188615737344_0,-0.29842058,10.501647,1.0,3
A898363858938601472_0,0.47249287,10.867406,1.0,3
A898393984405446656_0,2.6436837,8.76738,1.0,7
A898409842695471108_0,1.6736302,10.897711,0.6960500716333047,7
A898410794626367490_0,0.73830634,10.750186,0.46940582530403036,3
A898411296902660097_0,0.7602727,11.268524,0.6248391506471301,3
A898413216794951681_0,1.2889733,11.109363,1.0,3
A898426132017463301_0,2.9747403,8.384868,1.0,1
A898442539614715905_0,0.86861473,10.806444,0.48103910381359166,3
A898442539614715905_1,0.3027389,10.277327,0.0,3
A898445410724749312_0,0.3412102,10.604098,1.0,3
A898448603437387777_0,-0.15628453,11.156774,0.2181968998013347,3
A898450259646349312_0,0.3318751,10.92307,1.0,3
A898450799285518336_0,2.9254422,8.452815,0.5760199213068775,1
A898455145217900549_0,0.66563815,10.913778,0.34877962944661123,3
A898458799182237696_0,4.1984415,8.22633,0.0,1
A898459232613277696_0,1.8295399,8.016242,1.0,7
A1692451591927087327_0,1.5927461,9.045352,1.0,7
A898460729958727680_0,-0.032287877,10.226759,0.6641922396537021,3
A898460964193845248_0,1.6442662,10.688376,0.762133605707301,7
A898461264908738560_0,2.6091378,10.888952,0.0,7
A898463020178735104_0,0.5959235,11.043332,1.0,3
A898463020178735104_1,0.4981721,10.980484,1.0,3
A898463323288555520_0,-0.32950693,10.016284,1.0,2
A898463812394770432_0,-0.71118134,8.482564,0.8430548182075303,2
A898464700173664256_0,-0.9476569,8.774584,0.7855078320975858,2
A898465777967276032_0,-0.6355123,8.579104,1.0,2
A898466149649727488_0,0.92806494,6.6762047,0.0,6
A898468295589810176_0,0.41956708,10.437718,1.0,3
A898470787262304261_0,2.5430791,11.494362,1.0,0
A898475396554829824_0,2.000124,11.170777,1.0,7
A898480635588694016_0,1.76091,9.581046,0.7004142717450231,7
A898480635588694016_1,3.551543,7.333675,1.0,1
A898496526896332802_0,0.613072,10.402442,0.0,3
A1692489150761779336_0,4.7277684,11.109136,1.0,5
A1692508632091631698_0,1.367575,10.657955,0.7430177499087464,7
A898553906707406853_0,2.9973896,8.551445,0.0,1
A898557562307485696_0,1.184286,10.186665,0.9864450040873187,7
A898558376497430532_0,0.9520241,8.349786,1.0,7
A898558764847988736_0,0.1593866,10.753894,0.0,3
A898565232108457985_0,0.66252536,11.760155,0.4110997742676436,3
A898568652538093570_0,-0.18169609,10.5992565,1.0,3
A898633823763681280_0,-0.058244552,10.760979,1.0,3
A898656409855840256_0,0.568221,11.753498,0.550276601567552,3
A898667258045583360_0,2.4825735,10.0262375,1.0,7
A898668204410548225_0,1.511707,9.09787,0.7603514646026992,7
A898669431953526785_0,3.5310528,6.980849,1.0,1
A898681727853264896_0,0.5942279,11.684803,1.0,3
A898682695999381504_0,1.8242834,8.012236,1.0,7
A898683270258348033_0,2.0291097,9.291195,1.0,7
A898684512699207680_0,0.6034801,11.652408,1.0,3
A898685393167458304_0,1.6452401,9.729862,1.0,7
A898688028788506624_0,1.0563065,9.344106,0.7366725837321519,7
A898688028788506624_1,0.9417323,10.456765,0.0,3
A898690008269205506_0,0.52883005,11.592649,0.4064415293808107,3
A898690534805393408_0,0.55933565,9.295041,0.0,7
A766426112213725184_0,-0.5813724,7.271547,1.0,2
A766426890038939652_0,2.029417,9.297126,0.992205676193712,7
A766428770123165696_0,0.7181499,10.80879,0.5294756967252212,3
A766445891045593089_0,2.6833317,8.191454,1.0,1
A766448655976968193_0,0.030534688,9.640623,0.0,2
A766448655976968193_1,2.5796928,6.926222,1.0,1
A766527413262045185_0,1.3336574,10.649094,0.7510436345818529,7
A766529749522931712_0,0.26539245,8.258896,1.0,2
A1560522481097908225_0,3.9505484,7.270099,0.0,1
A1560558067741528064_0,4.7427354,11.109745,0.7875047819504312,5
A1560558139074019329_0,3.951786,11.119329,1.0,5
A1560562933515825157_0,2.275614,11.040419,0.9119255843016254,7
A766571493522223104_0,1.8121737,6.6654434,1.0,6
A766571493522223104_1,0.06472087,7.127241,0.5817155351529645,6
A766583587650928640_0,3.7375226,7.2449512,1.0,1
A766586803356786688_0,2.7577577,7.9978404,1.0,1
A1560581232001290240_0,3.1652627,10.79928,1.0,7
A766589518971404288_0,0.21290764,8.384538,0.7557910892991078,2
A766589518971404288_1,1.0860667,9.094518,1.0,7
A1560585813720649730_0,3.7351449,10.293719,1.0,5
A1560657577137958917_0,3.7987354,7.8083344,0.9045270563324131,1
A1560658049555042304_0,4.468686,10.916494,1.0,5
A1560658049555042304_1,2.7857423,10.691608,1.0,7
A1560658049555042304_2,2.5034635,8.784981,1.0,7
A1560658049555042304_3,5.615195,5.938194,0.0,4
A1560658617627381760_0,4.0962343,10.515722,0.35637481645408536,5
A1560659291735879680_0,3.7352302,10.273847,1.0,5
A1560659291735879680_1,3.2355485,9.856284,0.0,7
A1560659291735879680_2,0.33953887,9.723708,0.0,7
A1560659972207153153_0,3.3309798,7.2648544,0.9157721669905113,1
A766769189147160576_0,1.2790564,10.933317,0.7704581751779253,3
A766769189147160576_1,3.6083531,7.3530116,1.0,1
A1428635049897857026_0,0.8040445,9.986991,0.569593318767357,7
A1428698391773515781_0,0.0013184147,9.083091,0.5305469527292844,2
A1428698391773515781_1,0.8709411,9.657635,1.0,7
A1428720734537322503_0,0.1852356,9.419731,0.45848729095379975,2
A1428720734537322503_1,-0.12254438,9.253103,0.41121364521941484,2
A634534991750426624_0,1.3813338,7.8561697,0.5838007278047583,7
A634535941336637441_0,2.700142,9.690063,1.0,7
A634567425237741568_0,2.132315,9.274277,1.0,7
A634572140516274176_0,2.367122,9.423315,1.0,7
A634575074956152832_0,1.6915932,8.834783,0.0,7
A634576095359053824_0,1.5184603,8.877941,0.0,7
A634576095359053824_1,2.3032675,9.539033,0.0,7
A634628680786907136_0,2.219002,9.169504,0.0,7
A634670469023559680_0,2.2133355,10.809584,0.0,7
A634674410633359360_0,1.291632,10.374985,0.44470631362173213,7
A634674782328328192_0,2.6738112,10.476154,0.0,7
A634681435614412800_0,1.5297357,10.347727,0.7784156387404475,7
A634682053250801664_0,1.3582963,9.898603,1.0,7
A634682182741569536_0,1.6475928,10.1140585,0.9137587031936679,7
A634701957752487938_0,1.9169109,6.847718,0.7784459687479471,6
A634717024975884289_0,-0.4352578,10.399192,1.0,3
A634743132605689856_0,2.1104617,10.001312,1.0,7
A634774381298884608_0,2.2750096,10.014699,1.0,7
A1164695427578359808_0,0.56880504,9.254908,0.6068064566630514,7
A1164695876935155712_0,5.201519,6.372804,0.8552101496251624,4
A1164713261738029056_0,-0.90766037,10.676778,1.0,3
A1164713487752257536_0,-0.22237766,9.769904,1.0,2
A1164727907484180480_0,-0.8522733,10.308281,0.0,3
A1164730445902176258_0,-1.0256132,10.168168,1.0,2
A1164732431670239232_0,-0.6449005,7.2145166,0.0,2
A1164732431670239232_1,0.62475806,6.471228,1.0,6
A1164736197660250113_0,0.62716407,6.5940447,0.0,6
A1164737107228647424_0,0.45675674,10.00724,0.0,3
A1164737997062848512_0,2.2479618,9.385698,1.0,7
A1164739644161789952_0,0.3015372,6.9475784,0.9022067762294311,6
A1164739644161789952_1,-0.2161634,7.5940804,1.0,2
A1164741059772997632_0,1.1300955,8.646154,0.9266869352179076,7
A1164760835622727680_0,-0.59432054,7.7760835,0.0,2
A1164765641250725888_0,2.228157,11.1732855,1.0,7
A1164794741227057152_0,1.0218577,12.171036,0.6275347582770183,3
A1164821970447290368_0,-1.0382336,8.404355,0.4107430789060684,2
A1164823205665574913_0,1.3251493,9.03089,0.0,7
A1164823624924069888_0,0.88756096,8.108069,1.0,7
A1826940669333733582_0,1.357486,6.3965783,0.0,6
A1826941925360029752_0,0.48959234,7.6906366,0.0,6
A1826950697482662012_0,3.5255013,7.270442,0.8601541418706802,1
A1826971537309598009_0,0.12468109,10.888594,0.0,3
A1826984932046200879_0,0.75748944,9.13589,1.0,7
A1826989012311244837_0,2.2332976,7.8489127,1.0,7
A1032822212418387968_0,2.778847,10.161583,1.0,7
A1032831036151873536_0,0.9298876,9.755205,1.0,7
A1032831505121206272_0,2.1522288,11.869387,0.9400635846049815,0
A1032835651878629376_0,2.947134,8.424568,1.0,1
A1032839462034653184_0,1.5588629,9.765635,1.0,7
A1032840077288726529_0,3.8479164,8.510342,0.0,1
A1032840077288726529_1,2.4349194,11.039856,0.0,7
A1032840077288726529_2,1.9470774,11.105163,1.0,7
A1032843616811606017_0,1.3595992,11.522111,0.0,3
A1032849173425451008_0,1.0139669,6.9349504,1.0,6
A1032850962249969664_0,-0.47210056,7.2146263,1.0,2
A1032850962249969664_1,0.66817766,9.573468,0.8608793034557826,7
A1032872419386568704_0,1.0215697,8.218806,0.0,7
A1032872419386568704_1,0.893961,8.053168,1.0,7
A1032879347852435456_0,2.2237654,10.490456,0.6998905706800835,7
A1032882157000175616_0,2.3222005,9.735961,1.0,7
A1032882586933022720_0,-1.2555739,8.574657,0.9259738289786028,2
A1032882586933022720_1,-1.2305474,8.55313,1.0,2
A1032899418725339137_0,5.538765,6.0139494,1.0,4
A1032942341819002880_0,-0.46590078,8.890973,1.0,2
A1032951374055534592_0,2.6742785,9.100731,1.0,7
A1032951374055534592_1,2.7153656,9.141634,0.6595038391486685,7
A1032958653861527554_0,0.77508265,10.971375,0.47186121417345156,3
A1032979054100545537_0,1.4750711,8.999744,0.6596750265163825,7
A1032979054100545537_1,1.5825447,9.11856,0.9933815580024326,7
A1032996433241067520_0,0.66161805,8.046449,1.0,7
A1032997030044393472_0,1.1119996,8.365053,0.8219927819822277,7
A1032998532649644034_0,2.617603,9.35831,0.0,7
A1033000437278863361_0,-0.8319266,8.744161,1.0,2
A1033000918294261760_0,1.2277778,8.207373,0.0,7
A1033004949733433345_0,1.0673673,9.202707,0.9111522675127687,7
A1033010186175295488_0,4.78034,6.64675,1.0,4
A1033045727998427136_0,5.590281,5.9608727,0.0,4
A1033127056458964992_0,4.108417,7.2981625,0.6729653038360597,1
A1033127056458964992_1,4.1717772,7.3512096,1.0,1
A1033134999459876864_0,-0.8022258,8.719405,1.0,2
A1033139472991305729_0,-1.2070783,8.462596,0.3473478658016327,2
A1033141296116813824_0,2.102228,9.046938,0.0,7
A900895920862179328_0,2.89176,8.569354,1.0,1
A900896717767188480_0,1.1324294,9.155468,1.0,7
A900897143753383936_0,1.165682,9.124306,1.0,7
A900898677719392257_0,4.5962844,6.9167223,0.4555786917269014,4
A900922681717075974_0,2.649882,8.729588,1.0,7
A1694918895549944203_0,1.9793414,7.898883,1.0,7
A1694919102337622523_0,-0.34202257,9.963276,1.0,2
A900933933499637760_0,3.9292943,10.77023,0.0,5
A900945117225172992_0,2.874985,8.5316925,1.0,1
A900961075339812866_0,0.79795223,11.372676,0.8024807685567514,3
A900961075339812866_1,0.21891354,11.129515,1.0,3
A900961075339812866_2,2.2969234,10.114277,1.0,7
A900961930529038337_0,4.2247696,7.4146085,0.5184045644312933,1
A900962176742981635_0,3.4512355,9.645796,1.0,7
A900965951536939009_0,0.599014,7.939787,1.0,7
A900968661573279745_0,0.79435295,10.886774,1.0,3
A900970384392044546_0,-0.082195304,11.081262,0.0,3
A900972060653924354_0,0.664404,11.635724,0.45384233949195746,3
A900973316877320192_0,0.9792819,12.187263,1.0,3
A900974949262741508_0,2.8904667,9.774891,1.0,7
A900986381631070208_0,1.4390233,8.665856,0.957158035872255,7
A900988062536155136_0,1.1196573,7.4651184,1.0,6
A900988062536155136_1,1.1677663,7.4404726,1.0,6
A900988860515196928_0,2.2115574,10.655557,1.0,7
A900996661861732352_0,1.9401922,7.9661903,0.8502207793962733,7
A901004264251703297_0,5.5692587,5.983275,1.0,4
A901004516450902016_0,2.8797925,9.667672,1.0,7
A901004867979825153_0,-0.011478952,6.9600477,1.0,6
A901005648523010048_0,1.4299253,8.170912,0.5355511487598963,7
A901006832612720640_0,-0.35264924,11.304951,1.0,3
A901009529181163520_0,1.082961,7.6886077,0.49682140854675894,6
A901010079779921920_0,0.84587425,9.315426,0.0,7
A1695002960072462455_0,1.9423436,10.090671,0.9048782258674564,7
A901012159341019136_0,1.1378359,7.408479,1.0,6
A901014338353287168_0,2.4720507,9.901775,0.0,7
A901014398541586432_0,-0.06630657,6.91662,1.0,6
A901018305217019904_0,0.84616065,7.3588862,0.0,6
A901023423781928960_0,4.7735596,6.615566,1.0,4
A901024112474079233_0,4.183961,7.3101435,1.0,1
A901027963461804033_0,2.437796,10.371248,0.8700357865029211,7
A901028714774880256_0,1.0008798,12.190464,1.0,3
A901033528241999872_0,2.999912,9.932092,1.0,7
A1695031737078964249_0,3.0701911,6.9302497,0.0,1
A1695031950929510551_0,4.063836,10.576999,0.5227468200102361,5
A1695032529232044520_0,1.3098276,8.274074,1.0,7
A1695035457955119589_0,4.572593,11.241002,0.8777365674042151,5
A901048708204081152_0,0.94739354,12.194232,0.8759670310281397,3
A901048708204081152_1,0.38027117,10.692311,1.0,3
A901051356244393985_0,3.1090667,11.336067,0.6687612314440212,5
A901051715658457092_0,0.35963255,10.968972,1.0,3
A901052666528227328_0,3.177966,10.364775,0.0,7
A901052944413413376_0,3.2328506,10.5100765,0.0,7
A901053868070420480_0,1.6350689,11.271392,0.0,0
A901063669441634304_0,4.4669824,7.357253,1.0,1
A1695061023286309206_0,3.5239904,10.447713,0.0,5
A1695062128573464733_0,0.11935616,6.3187275,0.6769376086248176,6
A1695062128573464733_1,2.451543,10.086178,1.0,7
A1695067037356200427_0,4.1119103,11.158533,0.839979487743716,5
A1695072084664160469_0,4.508907,11.251716,1.0,5
A1695104874567094408_0,-0.29558724,8.500404,0.0,2
A1695107095077745112_0,-0.09182806,8.622357,1.0,2
A901183085806444544_0,-0.038399637,10.471524,0.0,3
A901183163887517696_0,0.718658,8.309711,0.0,7
A901197040725540864_0,3.2030559,7.970006,1.0,1
A901200929780670465_0,0.5487075,11.607992,0.5511362994096197,3
A901201008138698752_0,1.0152403,11.029433,0.0,3
A1562957073750495232_0,3.7105274,10.675421,0.0,5
A768966367441674240_0,0.32342544,8.200874,1.0,7
A1562958382755364866_0,1.6979887,6.9799533,1.0,6
A768968769599266817_0,3.0996268,8.120001,0.0,1
A768983532689424384_0,0.7576103,7.65284,0.0,6
A1562978818524336128_0,2.1449273,6.6306305,1.0,1
A1562983219792072705_0,1.9417435,6.593664,0.8507613919013041,6
A769006875648024576_0,1.20137,7.6456914,0.49682140854675894,6
A769010245662220288_0,5.5413966,6.013388,0.8138024346015071,4
A1563002392102473728_0,2.5153236,6.8193016,1.0,1
A1563002392102473728_1,1.7558464,6.6465335,1.0,6
A1563008640260313089_0,2.5514047,11.923948,0.0,0
A1563009371528839169_0,3.8772137,10.451292,1.0,5
A1563009435143794691_0,2.1489017,10.984568,1.0,7
A1563014529348354049_0,5.3085504,6.295311,1.0,4
A1563084861514338306_0,4.4770947,11.065601,0.5686371052861586,5
A769132582026043392_0,0.8921199,8.321094,1.0,7
A1563125966003548160_0,3.3064544,7.3631444,1.0,1
A769305194345615360_0,1.2283787,9.640464,0.7609834984719416,7
A769305754834579456_0,0.59797585,11.76348,0.550276601567552,3
A769310732429111298_0,2.2733614,7.6671715,1.0,1
A769318556353699840_0,2.0931113,8.167824,0.5702472183834183,7
A769318556353699840_1,2.126349,8.260875,1.0,7
A769318937053925376_0,1.3483118,8.390296,0.9351901413682704,7
A769318937053925376_1,1.4309288,8.63787,1.0,7
A769319376805691392_0,0.21081667,9.15707,0.9550194167546132,2
A1431057666781061123_0,5.7253146,5.8253083,1.0,4
A1431211935651954690_0,0.11205597,9.446273,0.47743911931691685,2
A1431211935651954690_1,0.16361079,8.5438,0.0,2
A1431217698994679808_0,-0.08166764,10.017432,0.9500787507755563,2
A1431230324160172040_0,0.16102526,9.183479,1.0,2
A1431238002836062211_0,0.07143935,9.220567,0.9323816222409234,2
A1431238002836062211_1,1.6594026,9.903017,0.0,7
A1431238207220314119_0,0.26673746,8.766499,0.9281517474041666,2
A1431238276258557955_0,0.10739822,8.703804,0.0,2
A1431238394621820938_0,-0.43773085,8.998755,0.8552038564944057,2
A1431238487206809600_0,0.06150145,8.917304,0.9534093186313811,2
A1431248971062669315_0,-0.071209334,9.372355,1.0,2
A1431249033431896064_0,2.0102293,10.629293,0.6894403263975738,7
A1431249966471606274_0,0.24857749,9.322076,0.0,2
A1431250216464748558_0,0.08623079,9.157896,0.8659131641805033,2
A1431250374350966791_0,0.44430548,8.895649,1.0,2
A1431250374350966791_1,0.36743045,9.036142,0.0,2
A1299254843194839040_0,1.2819607,8.040146,0.5519337989385621,7
A637195085352796160_0,1.6312517,7.0564632,0.8992691684882637,6
A637202519102328832_0,1.4708898,11.099284,0.0,3
